c7654db1f5406300514648b960bfd859a4ca0b2a809545e895d6f4965fb0c165	data/000001/000001.sysml
1eebb987f2d802ce68ae14691fba96f4f4d2d324816e2ee55062d917a445f5fa	data/000001/000001.txt
7245a38bb1586febadb8f44c0d33b17dc3eb20e9d13a70e4fb6c0fa66e752814	data/000001/meta.json
ed5c0c0b23f75bcddd853797ab8e97c394689652e0fef7214aa80baf4452818a	data/000002/000002.sysml
de539a890ffdbf2cc37fe6eefdecaf96e81ed8ca00e5c6eb73af5ab46207b0b7	data/000002/000002.txt
adc258e0788ebde27d244b987dfb65e1432a28ecdbe84d91002a9f5ff27c7457	data/000002/meta.json
a7c04ba7f34884333923ac27509f94027f5612e5b2af40e75a6f16caf7d14752	data/000003/000003.sysml
18a931dbcc2193d4d1b97e5abe772bceb687bc8c2d7a06e74896227fe49b876a	data/000003/000003.txt
5b504ea40442d7c0d56a015b1390f56b0298e74c9874e6b08b9eb0a23153338f	data/000003/meta.json
d5c73158eb4fb8da08819fb4b20b06fe0153ec017355c40996a56fca550dd612	data/000004/000004.sysml
1687cd75b485e8b92a5a2cabf738c9111a9da03172f4d4db47c9145be261ffd4	data/000004/000004.txt
88fd00a8e46e2cd5e3c023d21e0abff6535351b6dd8bae2532f46724c7ea3d37	data/000004/meta.json
08c81e862f96e1799a7e1ced4abc6171105c546de208d4fc309e1d8e1011e102	data/000005/000005.sysml
a2409e8cf56b0a181c413fa26f8a0a4d86f1d73ce6a6c25c81b4a3d8092b78d8	data/000005/000005.txt
bcfa870894743cc56b2fc1bf79e43280e5325e5f68dcb85f150ac99b2d9345a0	data/000005/meta.json
a7b02539744dd06758b5bde8b0a3047749d61d69d4d1d102483907a7eadec30b	data/000006/000006.sysml
8949076b0adfc62c2de617c51bf9fce3532e2b651e88bdb990954c33d71a8b0c	data/000006/000006.txt
e7339eb0b9a47e3cef8192ec188bcdb713e9c7ae1010d03ea425695c90d9e427	data/000006/meta.json
ad560b0ecbfe615c500d8884307e3676666ae3fe1fcc7bcb213d392b97519cd6	data/000007/000007.sysml
15bca436bc3b9109ff448cddb38697669ae82ae91ab5e3a73c5e1f32cbee63e7	data/000007/000007.txt
5024956d33f10083296f994846bf48be6d00e89683648f85c97f044f62ff61e4	data/000007/meta.json
33ccdda01ec89aab46f02610e495924e3842b8745e44447b9f4b9997cc01ab9d	data/000008/000008.sysml
fe22ad9ac163d17a7ddfbd52bde4c4659ff0afa9fd5585f922f08455f17953d6	data/000008/000008.txt
88ee54244694b4568a3e139ca72be1ca214cd18e800ed9e3ae3dd71d07706f2a	data/000008/meta.json
71b73c389b7826c5c435f50c63f1b8fd17d6dae6788b3c0d3b82ce6571c4e6d9	data/000009/000009.sysml
e6d00093a4e4c68bbeea60b9485b5da7122fb2fec4eed55ae725c505e1f37940	data/000009/000009.txt
c864e1e1ab653508f6318e9187597a27d69ceeb40930750a026adba6fbc72c2d	data/000009/meta.json
f826636f63fd9e3d78b6f173e668f09a11f159d20fda264dc8d32eed5c61d857	data/000010/000010.sysml
06105b06af35b951f4123655369eac2443f88dc816150eda26c83e0b54dcda39	data/000010/000010.txt
94d23c16228ac6f93511932b8c275634b0277b41e426e762169108c57896e144	data/000010/meta.json
b4fb425c73770ecf2569b98886b021354ed96baf25c04564d782a85c7156a0d3	data/000011/000011.sysml
a95e5b88f0815850d83f67a20627538a5adce45b9727291683524ca921345e73	data/000011/000011.txt
8ea95bd57e86ae5fd92eebd782c0bd17134b3a587e696131d87d8d31f3eba622	data/000011/meta.json
6ad1fad43c0fee8ca64ce01f7efb7b0477984711f4e59db85f801a8e56bd33bf	data/000012/000012.sysml
6bd2408fbfe0783dc15065aaef65575a98953df744169ae0e0cfd3cbbd5371e5	data/000012/000012.txt
1bd28b0a1eba185ff6cf8a61782c204b3ebe3375dce3d25871fd2a643a2d6fee	data/000012/meta.json
355a83a27952516c71ff6eb5a4a56354cf2ae9433f0e2ae5cc272bf27c6656ed	data/000013/000013.sysml
c68759261ac41a2d217361419126d6973a43e1be6df402c724089aa3a0221f9e	data/000013/000013.txt
4805c692b66543cc9570edc2041fb9c454aacd188ac0cdd2bf22a0480e28e580	data/000013/meta.json
cea13bb56e7e25fac50f49ddd8f7a6b25c00921df71a9642d339b74a55cf12d5	data/000014/000014.sysml
10acd97b7c46446fd7036a639a616f53669db90046c1cc81f7fbe1641c6b19ee	data/000014/000014.txt
8611e7b26c78a531faefa505ce3262fe346c51e6b989bef0f988aec61bca4a17	data/000014/meta.json
3e1e7a586016266015c25b2695b0c892b56adb2a7fc7cf0832dc6d5bccb895e7	data/000015/000015.sysml
0f673fc73b3518d762e595ed661a40274d46cabb93f89f9de7c68d99c96885cf	data/000015/000015.txt
8af8f6fabe1a002e0c35fe035cbd21fde37244280aae1ccd926c8cd483f250f4	data/000015/meta.json
de15fe494f97ea705fd70c00957c0b93d569fa372b2b85771276a8eab74a9d5b	data/000016/000016.sysml
bcdc798435e2ad67ac7a769dadcae1bfb8f6b14ad870a1be209ff371f766d437	data/000016/000016.txt
bf60be86db69a1baed1afb0efca63cccbadedaa1b4aea3e558d959c93c780aa1	data/000016/meta.json
0b90c2fa75f7ff82495418c3bc366802c6646f8618878845af0bc3975286f8f9	data/000017/000017.sysml
73cd0e4f249e6a9fd554a681b4128113b12dd981a379624b3a5679f64e6e7fb4	data/000017/000017.txt
0109185b803a502b9b0704e573d366e8a72cf65421598a5bf36ae5da352c0f76	data/000017/meta.json
570301dc80454a8520ba205c31ef438b7e054614e7366562d208fc206b7df6f1	data/000018/000018.sysml
399ea89341e3f7068d807527efb5d914f5e818b32df775a2ce55d34979b2df2c	data/000018/000018.txt
d07cb994d11c167c9f71b0ecb34ff56c25d3b2b79e216c7d6853fef961e6493d	data/000018/meta.json
2c6477586699165c00aa0f0ed4ce0f97478d1aa35ff72de5aa6225217cc2e4e2	data/000019/000019.sysml
775934eb3c34d49ec7fc559680f9650381aa4169dd36ec466154d7b82a0d654e	data/000019/000019.txt
6b7062a4ab8e2a0d41ed566362946804f7fa8a7bed8707d7edc11dd0684ef15c	data/000019/meta.json
666ab593484b975a36be6e6e33cbcb36d46f5729f445c6cff5e7637bf7249477	data/000020/000020.sysml
8916e0613dac0f7f8990ad449d4bc64c46f39a6bf9e92ec2236a79c634928237	data/000020/000020.txt
32d7665c986ada9b316fa3d6fffaa9a7d35794c349a6a2d247bd860641e24eb2	data/000020/meta.json
82e2de737e7ac1580a7f73cdebb81841a5f72851921c606059f41eaabd5af46e	data/000021/000021.sysml
412c7122bfd425fb15571439125eeee475134429bdf32be9405cdf81fe44315d	data/000021/000021.txt
d0fdf79ab0b1b5eccbb0c2ea99b92674b8c2aa7484e93ddf8c2610272135621f	data/000021/meta.json
e097b0f8a2094ed5b53275e5b1324a828d8769d7f4f4db41dabf9f643e462c24	data/000022/000022.sysml
dd1923154876d0aa670bd677b830980805120f6aaee771f92d680adb42b6e3b5	data/000022/000022.txt
93507768be31d97395d496360945a876a1129a862ffc13db7269f5e681e2cdfa	data/000022/meta.json
b243243ba39ca49c9ad53521418513ea3111b4e6be864023dfa1bb921baf96e2	data/000023/000023.sysml
9495458da828a16582389c41f386cf2f2eabbb7ffcfc4b742778e2c12029a1af	data/000023/000023.txt
89140d079241091ad1c4d4abde5c5f52411df020030ebf3cb5a83c962f8f4596	data/000023/meta.json
3ed6813e219e43b737251c69aaa421d0e993219cbf35d3f78819de8b6eef70d4	data/000024/000024.sysml
97419ed4b21d8558c5f6cfe179588323ae46a721e0685fb2531dd2ce8936049e	data/000024/000024.txt
f983f3c08bc28db02242c9156716fa99e35ab89eb3f9a16463f4a38f2c037436	data/000024/meta.json
5111a800ab20f0018277bef5b4ed9d055327d03ac8afbdea2c2d3e5713113007	data/000025/000025.sysml
3adba4a28f37be7d7dbcc52e2db8e5f4e61dc6ef6995fa803afe581629c99a45	data/000025/000025.txt
cbe3d55f29c838c6a7df8e56d952a8f340541d90e6095da8f62809084b38c7fb	data/000025/meta.json
2720d3539f24ebfc294bec9dad4c7537af099e46df8b02b31a197aca51d7a1ed	data/000026/000026.sysml
a3084b5a0135b65ed7bb22e0e8f7e1de4eb2e2ed1ea9136a8eb6310d9533b1d5	data/000026/000026.txt
a6a4f841fd49d19cceff3360daf6ad2e7afddfd0d0a26e5e6b69c1d9a18e881b	data/000026/meta.json
e4ef422422cc2c6f49aa950a215c11ae83a73649cef2553c2adca8fae8f5ca24	data/000027/000027.sysml
1e312f2b82065d06ca2e82c837b910934c27355f9fb0117554c59e459178c888	data/000027/000027.txt
3e48e8ce348a043f6bd8c9f401fed701d7af3b943b492480648a785cd98dbe6b	data/000027/meta.json
4a1c63acaa2f68177ba71936e7110a692b56bcc5acf240befc0b3124a4fbf4ad	data/000028/000028.sysml
7df9c4cde81bb3e57f0026838f09984178312fd8237274b60e84bbbc6de55ccb	data/000028/000028.txt
5716530698ae33bbfdbe8e9f1fc868ea3bca0b451aa8d639a30d0bf39474f576	data/000028/meta.json
32d2847af1ee7eae4e1eba8431673e54e469cd893f9b9a7d8fcb56cdb404ff88	data/000029/000029.sysml
5b62895a9cb4b52f444aa6970a2f353e552b65fe25c5ff1aea8f088e6b1b7594	data/000029/000029.txt
59a6a69f923df69ec1ef00d4ee1a51ff1b34c88c3351b679e25d812a02da3ffd	data/000029/meta.json
9e77acbd7479aabaf309f0f5e01cada6859b38b582dec5335fd6d707f1a9e6bd	data/000030/000030.sysml
5f0dda281e12ab3c87f6ea72b1935d8382e2c6f8e8eda48348ff6bebd759ca79	data/000030/000030.txt
2b79d919f7f3ec36f0b5727ab5b4198aeae11e07dd44fc4e8226c736193e4f6e	data/000030/meta.json
5f9a2848e1cd5a3f1d9b38b0e0a9755f00cec30bca3f196f8e81a6f197c241c8	data/000031/000031.sysml
912ab14a83d1326d41a9eb8108c4f4f7ca04fce6d477f6762cd0bec722d7accc	data/000031/000031.txt
c56e01f7078f410e38cb60a0e54476630a20c08ca084da7a32fef86a41383528	data/000031/meta.json
9c0f256fd896b3e14e4641677b6c0090dc59336d3649be8d4996a5712767868d	data/000032/000032.sysml
9e588f22842038b4d87044339359edeb2e802387771eab1c7aa48d1873b22c4a	data/000032/000032.txt
1ae98ddd7ae529a39a169f133dad96004dd06df60a184cd322b44d0f734258e9	data/000032/meta.json
a379713359858f4400b98e4552dd809bbd4cb018905c5e77c44c091191f76de1	data/000033/000033.sysml
f54756dacf1cded5782d7c08ba56b6f6c12fb58df22f05a85a73ba74fa8c8245	data/000033/000033.txt
5538bc0f6f5adce0d60505d3c0cd2ab839fe9bddb1e85738a7c0c369c62a5ed4	data/000033/meta.json
415b2ac9e58d906039c420d366fa98c88dd03f2c0981c9a18a28520ad0dee25e	data/000034/000034.sysml
80f784a08e2ff966a8af90f97ef477f6a71655527a70117c49e617925b935e27	data/000034/000034.txt
98c97930981d4a06173db6d12a0968de60556a7ad3074cea4cf30963a7d585ad	data/000034/meta.json
2c09d516aba3653a210b8f99d509f392a9aeb46441a21e7c8ac62af7d3201b3d	data/000035/000035.sysml
c1beec54cf4ef6b302078d44ba23c6f04fee1a452c3684f739155c1937c722ea	data/000035/000035.txt
c5469d7b97c851a5f8824061649d53dfc5a733c448f2352c00ab1db1160792a4	data/000035/meta.json
380aab83552f64ed52a92d73c518d6b78aa227e1a6a2d7f60bad4583dcc9879d	data/000036/000036.sysml
aa243997aa239f058a423c0d3b43c45f438ae50d3b81ad64e86cab54488ee165	data/000036/000036.txt
685f04ff20ce05ba4f35a92bb059b2c33e73ec3a87ec99acee92f41c7c3e44a8	data/000036/meta.json
f5de0deb796dc8628a6e4036edf9d6480c46c84278012b75250dcf7887f8a7b4	data/000037/000037.sysml
58c5fdc71aa0482d77e17339b692769347b894efd3c1cbda31362580781a37c7	data/000037/000037.txt
24f0bda60f17051af20d9cdbc3e8c5a19414d50a50af34bd8e1911217c2810af	data/000037/meta.json
873d5de264c3f7c7f5df84a3b589d07fc6c5d59e99db0a3e8e73e7c2f0f3e696	data/000038/000038.sysml
ff63d89558589dadf250397ec4ed59ba3c46b19a0cd37cd9342838ec327c76bb	data/000038/000038.txt
dab83eb3bc44dbe780ded71d4f0470d44363fc16f5c44fc4c221bf475b7cb699	data/000038/meta.json
f780fdd76f6aeee7208a3f1a73634b8bc2290c6ecfb1838efdc5af9878ab72e9	data/000039/000039.sysml
11277e134ede012522fa4dbee13170b3ddaf7f9dc79dc0b9bab6c3e3bc7a5556	data/000039/000039.txt
c31577aa8a62f874b3b6a8d2ec5934eccaaab6f5b456478b9f5ddf40143e88d3	data/000039/meta.json
dd1a5577b2b2a4ee435c882b8f1c533fa3968104148bcd28014fb1baac55869e	data/000040/000040.sysml
7e6005f5fcd9aa7948f5f005cf8d60796abc2db90002a8cb9fc0fcff8e6a1682	data/000040/000040.txt
fee3146f0f06fd8ba2138d094f183ae853d307da25f03655cdbb82e0f9acc8ae	data/000040/meta.json
cd50bcde1413b13e5aaee6854e4d42200dc2ca7d6c865ea868a4e5f9c5076799	data/000041/000041.sysml
89f480ae536e9d1ff00171864d0554e10569bc7950a7fccee1405a139f184afe	data/000041/000041.txt
89b1dbf52bad6742efd7a3b1f982289b0cc191728dbc6d79e74f3c47ad2eef5c	data/000041/meta.json
0c9ccc86dd459227164e54e6cb866795b1ef7ff212905ac9ba152fb3eb9bd631	data/000042/000042.sysml
f532b254523d32a2d4d23ed312ee087183678b4bbd7dbdc0f6ffa1e439fcee71	data/000042/000042.txt
fbb371f079697dcf4b0e39d4c34ec5a488faa50ddb8de7940620c3409f579d86	data/000042/meta.json
571a03119991b8e385cfaf99d93fa8c84fc5f71a07bd0c130f210951104dfbaf	data/000043/000043.sysml
e018414f90c8cd33968d0901275ba272b71ea818520c891bcab620bd26bec5af	data/000043/000043.txt
0003aade2b77c1057bcf92aa4dee36eee3c703c0936f56b0087247f0237cd386	data/000043/meta.json
101eb4e3c9163d0aacaeb293fd03b16d94616abb79cc04f63a7b94eb9242403d	data/000044/000044.sysml
01aad2c44afc68b6d6bc478d5e0e1df87cd20174107c920d8d1a96eb3d3a6312	data/000044/000044.txt
e8b66924623e30f0aa620d8759582ce43300d6396d0fbe5fb61d9aecc597bba1	data/000044/meta.json
6058165ce64aca5aab73b9a09eaeec7519942510c91fe71b3990f7bf612cdcae	data/000045/000045.sysml
7f17e91722b89a6cd793c709883802c228a90a5054b1ec83328beee5eed5686b	data/000045/000045.txt
55ce69c384093e0dfb764fa1be35c2cc5a03ea93c111b76111c07c62e1d9799e	data/000045/meta.json
1575a8e09c008145ff619ef7d0ce7622d9e88c77811a6984578ef393d99e26c7	data/000046/000046.sysml
7ea9c01fce1828c61ebbe6ddc0a0486f33749af536ad5661b30c97083db322c4	data/000046/000046.txt
f4ffb7d0af1bb68f563485765c53cd486911490651b09d36374ce3d56a47abc8	data/000046/meta.json
aa7dcf0498eb967f539fc81ef63c6f924c691edfe26c279a875c1a3a0729a8e8	data/000047/000047.sysml
04e006613fd31fe49e519d6598b2d05ee21a8ecfd2fac65d91cba683be160196	data/000047/000047.txt
3e91c2014f45e36903bec3c599780ff9f1f859830f05c88a3db556fa7bb79c22	data/000047/meta.json
da4c197311bfcb7b40c670a28dc8289adcc147bf0b1f9c4533a6803c213b7fa1	data/000048/000048.sysml
968e80e3826220bcf1ed2ed6c8d384573789a8b6a2b73742d6e85f021704af49	data/000048/000048.txt
e2f9b9f89f6997215370d9a1272d52e612d2f8b214718083c52f8db58b3f441e	data/000048/meta.json
f25839d6ed3237bbe454d71533646a0a6748384455d9870995299ed4149c38b8	data/000049/000049.sysml
ea20c8a570f3158129d724626264346e0059f31398f5fc724851c2a460a3d65b	data/000049/000049.txt
e5605a1842700dfb15ecec1eb5cc70ae882eac567f77d39a161185f6f433293b	data/000049/meta.json
c919d53cfe77577ef1483a66d117533dfdc1a6c7bd769d616bc7f56c5c2835fb	data/000050/000050.sysml
9b5012497fbc25b7c1e70244b1268af1f8672385bc20688557c07eef46c46aba	data/000050/000050.txt
e69553dd71d9541eaea286ba8a18c9fd5dc43d307e7b06ea25f454502d6903dd	data/000050/meta.json
0affe4f7d051a20476834783039e93ca9d77708a36b56d7428ebdddf6ffaa8be	data/000051/000051.sysml
a51f86c3ac07f99506ddb2acb561aedd5cc220bbb8f91f8b5dc6a541c4f4d454	data/000051/000051.txt
672216e84a40467e108c4508e7c3c25ce5807edfd376df9daa6fc28068c72e52	data/000051/meta.json
2bbbd6da0943b4204f84c495944b79a2b9f7a173c3a8a2ab93d1cf8fb3ffac73	data/000052/000052.sysml
99ecde3fe79648aad5de63257792a811e58f119504777d1160f341da4653ee97	data/000052/000052.txt
dff86ec114e8e1038772837b0697a3bd7265a67f7dd8fe0310d56946110d28bc	data/000052/meta.json
7d4b3e64602856f6e7f9ce142f2e15535e1ae3d6e96852a50f86d838877e8976	data/000053/000053.sysml
0f61ab21ca2386bfff1c754ec4590e1e3e614d5565513793417724bd0744c9b0	data/000053/000053.txt
4fe388fb58d23cc6e8f34fa8db3ae23b84e60c494ff18a0b1c966bce1c1c35f7	data/000053/meta.json
7b174ccf61882a28d25fec84a4a48631556b6af38ce8e84731e85273ff50737c	data/000054/000054.sysml
e2fa9dfaa44d73ac4902263f3c58f9120dd28435a1c74dcced5b4fcc179519ea	data/000054/000054.txt
a83d909c047fb657f013d7651ddc840cba8100d8da5f2076d9d08d5802d29252	data/000054/meta.json
385dc71179075e64044e17ca0af4a4f81ca0ac96528a045ed8678d6bf2e52e7a	data/000055/000055.sysml
1fc0f428cea395326ceac8d4ffe5896f8cfe2c1dc9983a9ca1bb9310f78a7b47	data/000055/000055.txt
d31693da28e36c95c0c77a247fe706afd98c8844e985e009559d1443efe88b5f	data/000055/meta.json
68f8ce99b28425e0963dac05a35959d8e38b11a4a0b76a0aa40f7d335cdf80aa	data/000056/000056.sysml
e06c2cf857a8c3c8c0d24e51f8eb925fa743188aeb5d4e23fcad78c763c779c8	data/000056/000056.txt
d9d37fa07b8cf2aa1911b8c1bb8202f384a68eb5e6185f30e9452569ac73ab45	data/000056/meta.json
3f8e6ef2ff0ef3b8442d50c2b5fb3086b47976b0bc02b855999555e2415c6dde	data/000057/000057.sysml
0193fc787756cdc44ab9c69169c43af279322f48aa349aa5f1be94e016dcb52a	data/000057/000057.txt
98834bd5fdf38952fbde068ca37de69bb80818e2b66e79bac83ff4451798cc06	data/000057/meta.json
1a4aa4b5bc29e17c88dc5c2a5bec99960c40fe1633f96fd5591531b1ee291c77	data/000058/000058.sysml
446038158c0420e7034061df04fb88863c55109242e8e40e021528b1a29d5468	data/000058/000058.txt
94db103ea51f826db0574dd8593081dd8a38d51cc2dbe93dae53bfeb4c6e6cc0	data/000058/meta.json
050aa194cc74842aa286896db589ddbba00745ea799fb4bfcd987ff53ea6be75	data/000059/000059.sysml
22e6262248db64677c631bd44c61028e647144dcc4f73a161ceaa21c1886c31c	data/000059/000059.txt
b7d31b692a4a61bb2f472a51899213285c0b188569940709e964f7fd5833590c	data/000059/meta.json
9eac0766eb700d67cddf2c14b7379373c4774e6d7fa6c1eb0ef9e17d9adb67c6	data/000060/000060.sysml
6be2eefc46b9ebf96e506a654327ba4c5f65b1961629deea1fd69f50751cfd83	data/000060/000060.txt
0f7ec2e0125b9bb482def9d2759ee4f2004c0e202e00045e20fb2b4ae85225d1	data/000060/meta.json
43100bb21269c18d5cec91f4c18617124a14282c5c23f2384a858d5ff6521f1e	data/000061/000061.sysml
da8f178e4f4b247ad2f6bcd79d46293920bfe7fc82583d15f419a9c24870cd2a	data/000061/000061.txt
507ea4a4eab6230322895ac4c68d840ee2a5e50c39fa87014b86c857949cb16d	data/000061/meta.json
4fa7f0c7cc12999db50d15ede2aff38d2a049a62cff9503e66d0b3d7b7b54e01	data/000062/000062.sysml
29de16ba88c0d700663245fef7e823d62c301860a8acd30596aafeac11a7e987	data/000062/000062.txt
e4b32acf753883a715641701b4a398d85653f8467651cfa216609294f0b7b693	data/000062/meta.json
f2c666064fcb7ac6bd1f32aef63982e4b2f17a85494878c37a3e1c23edb83e55	data/000063/000063.sysml
e39cc9bb14228983953f90159f1ec4ce4a868635f60a459d099afd620a463c62	data/000063/000063.txt
117fce47427e2e52908b1c90cbddca905ab917032ebf531c918579c41aa22b43	data/000063/meta.json
19d83b371973d6dcaa01b5dbde574415a968a69aa8016d4d1577e4a076bc595f	data/000064/000064.sysml
232d5aa5610514646790c8cd84d67a0a43812b813177a8cb57d005c1529637de	data/000064/000064.txt
5abdb126fc0072ec147bde98a030661f1944117f6df52066a340d3e56e5e43a2	data/000064/meta.json
a03a2e8a669ef2383a5e1246c465cc81979f1bc740d490dce840262cbf01d883	data/000065/000065.sysml
af41f3aecdbb56dfacd291a9c2a055c8096fc728bafe42db69a4e8ad04e27690	data/000065/000065.txt
ad6cb8dc82c00e971064cc5bb4d6d363ba08a3a669ebac504f91a75c60eff677	data/000065/meta.json
0d6e175435b71d0cbebf2eabaadee50e068688542742c7786305d2652f13b410	data/000066/000066.sysml
5b43be3d5e1c7418f9cc9b3630c69b43b4d33d28ecf7f02725f19231808c0874	data/000066/000066.txt
3ecf789e8e5c90958e93f5b1ab1781e1e193138e46deab0384523cc75e714da4	data/000066/meta.json
db29263ceb3d7df48a96653dcbd981baf4e0ab20e73c253172477c9f09046edd	data/000067/000067.sysml
03cda5389de2a9de3ceda3dff0fd55fd2cf6a5e19b2d528306394a4fd642c3d4	data/000067/000067.txt
cf930a1670e697912eb0db29468e49d63777c7a7a92033a9379e240f2a43c668	data/000067/meta.json
71f079792d466a7f31cdb4bb3b019455beb3c6086a7ce68fb181a3260a92126f	data/000068/000068.sysml
26602328f92d3e6b33379148d631869785684f9871a043d7b0c41c46f4ba018b	data/000068/000068.txt
c2381a240d204b40ab6999bea4951e91bb2aa271aa2e2418bc7e8918eb5b6935	data/000068/meta.json
21841d0d2604b54a6a90cd8735b48ee2726166da824630a29680244e35ba82ae	data/000069/000069.sysml
0b3f63aea43a103266816a4b7de784d476f3874577c74911f8d1ec69571777a4	data/000069/000069.txt
a047dcfda6813000fad4eff0aa3fa46dc6b49db24cd11c3754f3de99903d5464	data/000069/meta.json
70e48bc2d2a98dc6e53c0ec6122136fa90ced0b881bb7064ab8c627bacf4de36	data/000070/000070.sysml
70e505890eef1d18ee9f0e606b08197ca32f33fa8381d9dc72a1e9d0d8bd5093	data/000070/000070.txt
beb92d91f1247eb145ce657e47a9c6f7b8fd50a201ffb2377fa02c1d24978cba	data/000070/meta.json
488b1646e0233a93a41147c7b3ecfd7f73f377517c86c71c8a005b5615230904	data/000071/000071.sysml
a48b2b2a887f525336985942dee75dc4725ea6ac6f5ef4f88f858455c31db705	data/000071/000071.txt
140220ea3316a1cf9c65d43711929cbc57c973c24b912be718e734e39730ea96	data/000071/meta.json
1cb52b8dc4129084b98c906061516cfb4c7a9f4e445d866a55b443ee17d87997	data/000072/000072.sysml
99330b2192b0ba34b941e17cda92d31d5891feff1f49d31e639aaa2f98903f4b	data/000072/000072.txt
9a2a24080c013bc3668d6d9b0678189afe0e93038c194c077b8985d966aebece	data/000072/meta.json
216198b63ebd9e7e9ff0b96b63a21d3efac19a628c4adce5bb7e14b6eedcc65a	data/000073/000073.sysml
676b436cc5d9a117aba1915e8e3e5effe228ee9b8a5e471d51f49138a9f81600	data/000073/000073.txt
572bc740314360cd292280579d8f2c353e40b25ccf4f0d48ac92a99b750bc6e8	data/000073/meta.json
c1e55572d8366b744c14cc66dba8e484f0037369d975fc4e675ccfdc7709bfd4	data/000074/000074.sysml
e88daeda8c221d04670b421f3d2f0eb82df04967f4bf1ed4d4df0dbb95f19a0b	data/000074/000074.txt
c41e080daf27ff4782ee574b8b907f64409a92140c53f73eb9f19a92b19958fa	data/000074/meta.json
f423bf9c9453714041ff969a3ec8e47e07cbec54a3878b15c7d1504d7fb92b52	data/000075/000075.sysml
a0e7cb7e7f9724d6655e6d818eacf95fd5a2915fcdb2bab69b0f0862d746973e	data/000075/000075.txt
67f227f47f423bc495faf90f22ef4d8d9a3c303738dc66f154c147cb05d3934b	data/000075/meta.json
25e576f71a09111faf1aa77d340b525fdd4f7fc809e3716e4a777c0e7a059f2a	data/000076/000076.sysml
1847974df698085cd80e41170644c53ed60216ba204006e3df039314568b15f4	data/000076/000076.txt
f30486b4789d0a86ec2c256dbd3ce7be79ccc27f039c33adc3dfd4b482ec72f4	data/000076/meta.json
20c36d1fb7d3bc3af2b36bdba30197946376750fa65238075aa657147630669b	data/000077/000077.sysml
9a73217a6ea31bcb23807e51a137a01d1bda2d55bc151bdb5bfd972a08c79d6a	data/000077/000077.txt
3885d6d3363bc4f047917954e9bdf459b00e9dfed91a1f6cea64ddffee05bc92	data/000077/meta.json
7059bbf738d26b673231af8f02dad7f83fd0fd6a56256b4b681f558e7c14231a	data/000078/000078.sysml
3736f37a65b27b05e85ad3ffb1293b7f88903cc9da79c7bd973a53de8d08c3de	data/000078/000078.txt
730e697a01d3d04e13c724e71e00cb48effac036483ab8827eb613ceb118d127	data/000078/meta.json
1426e577c0980ed68b2cd34434936df1a59e894fdbb71f8890b0ee1e1f136633	data/000079/000079.sysml
07b69da719f12f95fea0bfdceb16bee45929710656b307c9019ae49eb8c55562	data/000079/000079.txt
b627bac776aba55c1d3a1ecada73486675ba44d7ed2591a206a47d4a0cf85b41	data/000079/meta.json
502f31d3dd2dde0f0a2c1fac3351b699ece175decc3508ed2e270a2aa3d02000	data/000080/000080.sysml
da55883c0bedef7c4679d0b8f8791ccd2b9d254524833e9fa9d11a15f224bbd2	data/000080/000080.txt
4da779660dd7b74cbbe97d1f29be7f45712b3c80db79dc3688bd3a5102ad5f86	data/000080/meta.json
053035ec20c48f38e316be9a4d37235d5ef4420c9b59cd4f92e8e30744e605a6	data/000081/000081.sysml
d8e9e56fd31af08582879a47fc40c38e95dbd953d439232c21c544fd90547505	data/000081/000081.txt
e047989b84dc0f26363acc62ffbd99ae89ef9b77d1ac339d7684b17ed587a1c3	data/000081/meta.json
285823caa3f6193e296fb9686e02f7b261f149c481b4475bc94c3fe180608a19	data/000082/000082.sysml
38539c055370583a600765a390536f3a14a4792badb7b3759068fc3e06a5b0e0	data/000082/000082.txt
da9671e3618f7e0412c52efef3e04f888ac11c527b947fb028ae4f838fb2a1f7	data/000082/meta.json
4834675f798fb275b847887b53661bc351be8094b2f320ee4819d2bb4b71d3db	data/000083/000083.sysml
5082bdaf91def24f556890fc28b48051d07473135971f46d987fe9dcbb02eec4	data/000083/000083.txt
e64d2ea1a5d0aac6b82c6b421596d6577a164e92b20d069dfdb96fd597dc9d54	data/000083/meta.json
0f67453cd6604c15764d061da3c33bca1ac35a2f78c51c011f1220080c389c7d	data/000084/000084.sysml
58f5a5b60d81055d4f1b7b7f74a1b8f29267c0e33548ad1637752db0da1318c9	data/000084/000084.txt
d5d927ca34d026bca30e90fd4fe8542330593cb70e6f5cde36f74d6570a27c67	data/000084/meta.json
944b040acf18dcaf1363f6640a19bccf755af280ba65686b7309a27a140d05ac	data/000085/000085.sysml
36038be14931a908fce4ea83dabec805899c0907d99a2537a0eb63b24f8b60eb	data/000085/000085.txt
2e4cea89fc5a9a7bcf06a424c09e03879240f966ed8e6cd488b3224fac1b0f86	data/000085/meta.json
aaa17047d1925c362d02aa98b5be2df46e0aed90c3a703b6cf1ced03468bd56a	data/000086/000086.sysml
f4c176c29c91f6cd32b653c88178a58ea2fc99549a593091bae9cef4bd880a47	data/000086/000086.txt
3a49027155b404c65d552cbc5ed2cb1b1c9adcf45cfb92af4396b8b981f7a7c7	data/000086/meta.json
26aaac35d37d7298157ac6cbad7d4dbad5f638389561f4d0216975ff3ca0ffbd	data/000087/000087.sysml
08c8e5bb9a3d558c523a873d1fbab393aa5ba1913b701ab9c1bcc4f0e01e175c	data/000087/000087.txt
a3749dd760b80a395797ea66989b9d844116bea638bbfe6d90b2b55be8c5394d	data/000087/meta.json
e77520c0faa9d8e2b54118c894593456419a83b39a9d6cf86992e03daae639a4	data/000088/000088.sysml
b8dcdeaa7bf1df8c6fce7f387d6225f2b741d42963b2e509974b4729e3ecce62	data/000088/000088.txt
acb8b7d7422bbdd2f01c8b3342fac2560a6f8bb4b230cfba3926cf6249aaee3a	data/000088/meta.json
895344628a0a5c74147aba9a32acc143efda109bae3947e16a44e43cb623983d	data/000089/000089.sysml
9aeb2b9142bad28725a74aa0fbade67a50c12caddf606b2031571dde09872e80	data/000089/000089.txt
bb1428512a031b5103cabe5f0aa68b65b89a3da87f978225820410357064bc57	data/000089/meta.json
62b1dbc8f228745b552e6435e4ce425400be232a2326120fe63ee31a07749498	data/000090/000090.sysml
4385c370c498997f5815070bd5dcc59686814c189f84004b57a3c3df3d7c3519	data/000090/000090.txt
96fbf8badd234545a0cffe957eba6009c6f55a40e0cf190954050c4af2a41993	data/000090/meta.json
480f4c74503436b67a2a2b64e89f74ac91ae9bf5b21327a276b603f8028a637e	data/000091/000091.sysml
706ae19c0571a68f1bb6607cc973bcb6518cc55d4c767b71ec491c2755446cb6	data/000091/000091.txt
b65c3a48d4ff6bef52da826df2fa89496512fce1bcb6540d1156760134ed5c4c	data/000091/meta.json
239730f56667232e7ac77e8e0739c96158166109aadc37f125b898352b246648	data/000092/000092.sysml
6950a62c2a57154a66f412a0cce2901e86bc6de98487e544aa8256a0d41d9d32	data/000092/000092.txt
13c15a59359227d929ad92da9af8a2a3ae7902036dfb62f373f5f2e88d5cbea9	data/000092/meta.json
1058cbc3cf7c947c99e20a70606cec85290733caf4e8eea5d7bbe1fa7afd7517	data/000093/000093.sysml
1ce4a6a3ac68da3c369e6c80cf51464ddb3410e32e0efe51fd2ea5550bae23d6	data/000093/000093.txt
de6dd80ee44550dbd1b506a316127f0aea52ba4a84137a0741005e89ea9285f7	data/000093/meta.json
6ed6d95856f3e7eb7d0b51f9db6725040d3450b999a5b676a07ba2b7d54bced5	data/000094/000094.sysml
97234928f961e72491580bab3d243603087ea669c19fa6ea798a93bdcb62fbed	data/000094/000094.txt
e0d1c24b166eefdf768d841cb041afe640726c432aa1d32ba81a14dce3bf8b30	data/000094/meta.json
54a68a8df67c40693c5be341df3fceaed6714f7912eabc78b53ad01ba0ddec61	data/000095/000095.sysml
7cbed8d66ef91e1f96b124688545b60a81b1aeac8e03c8a1873478a684c1eb77	data/000095/000095.txt
64215673da2e7c3be3648e6881a82feddeba528522e0d342167b060108bdba07	data/000095/meta.json
eb3c50cf3ac9cc4a90192688d103a2696cc2f912ead6c5a3c55b81f161e43ecf	data/000096/000096.sysml
d1b151d0a156c6c7a4dbbc78f8c83b7c17c179c5e1271deb724eb532ee61fb3c	data/000096/000096.txt
878754106f996d450fdc29f2d16c99c880a707a78229cc8871c8c1470d88d5ff	data/000096/meta.json
0d9011a7a0c393d434734fa3c615515ef0f12f70f5252856a4815e0c5df235ed	data/000097/000097.sysml
cc7b5f30aefb9fd9da0b93b56b4be3fc0f8b19528aa99f01e4b8cf881da59ebb	data/000097/000097.txt
becc3840e4b5f155be4f326d389724cc50d4ca9c4cf619250cbdfc825c169076	data/000097/meta.json
521913a10985b6f0d8862f4e387ff844e9f2e862258e6f0bceeec1381da212b1	data/000098/000098.sysml
c0062b818a630ec32154a780eb69f2b0d9a1c34b32aa0a02a2d7587754f61e5f	data/000098/000098.txt
0d48131aed2c8a7d68a262797e174be7afd75f46796d6d9bf14c819af48a2c9a	data/000098/meta.json
876c1fc34d0d6cc4c95e3401ab15fd98e6cee5290ac83b70348e521621d911b8	data/000099/000099.sysml
a0d22ccc1f7fbba3bc75f4c45e78daaca79a87426a55100b7946259de87e1344	data/000099/000099.txt
da5ec7a699fc8faaf59fe1ec2fc2edd9a8b03be054a9f50ae3b136297cf43ca8	data/000099/meta.json
3e984c2497701a640a18c27d98270f10bf91fdc5fd039acd7be61fd9c85529a6	data/000100/000100.sysml
39e4ddb2ba3ddfe52043853834914e2cfe0809b589e18e359ed41097b44398cf	data/000100/000100.txt
14c4b30c6ba6c6499873266ead4b78a70fb6bc895446afe863f1a26c40da354a	data/000100/meta.json
2a58dadc33f5a752bd4601db23fad1c0396067dff9d0c48c69ea80e6eb8c7e8d	data/000101/000101.sysml
8283638d2f7b6037300e5505270118287d15bd39ff6f3a49ed4c4265e061eb49	data/000101/000101.txt
0eb74a43e6c074895725dd40a360694dd15a1d489a9f078b2ffd81b2c5549b32	data/000101/meta.json
d293a343a8957fbddcd4437fe7b576e10091a9d0c6a4c3cb718fbbd05a7f4149	data/000102/000102.sysml
c3e8bc706c37d1feb758d4e8a47c86ba9f20a8166c37736562436827faf7fb80	data/000102/000102.txt
bba287a46f74c2506c928ae0b7ea568a4ed5cbebeca085e15ded6a3924ccec97	data/000102/meta.json
30c8dd20e140e8e2c4d1e27e75e74f1cda233cd5c815da739b09963525bc25ec	data/000103/000103.sysml
471be50d8a136859bed91abb8760ff23a26fb5207bd3af380a9a8aef4cddde54	data/000103/000103.txt
568708e3d5a80e8290e1c2ba2ec76bf6a89f2ed001c8d589c920513415f2ffc6	data/000103/meta.json
390a2751034ecf5f75d7ebb5cf65119ce103e092c13114a80b15d2029afa3b89	data/000104/000104.sysml
7d638d05b5ebda87a856bdc27c5976d2ddb1c06711fd18a547d0470bfb8e10f5	data/000104/000104.txt
a8a452115c6366cc3d66eef7d0ed512fa1d2916603d5422c079a90a4fe552d65	data/000104/meta.json
9cf9a4c1c0d98cd972dcdc2f74f7a1703816cb69605114e5caf88cf6cd1fa215	data/000105/000105.sysml
c730c7c4f463e5ad0b06236af710263b937eddbeea425942a3dd0efaeda56a5e	data/000105/000105.txt
e94b474ea21394bd53cfd9f5e0006e1a6d49fd4e1031368fe8cf18fd1df3874d	data/000105/meta.json
a8f8cc4321933101c86bbc3651b4225b8a3f24a100a988f27bbef1d1738d68ca	data/000106/000106.sysml
a565fda0f7adcf8e7952a9321695e9812f234f882a5e7d5d15e4c22be89592d3	data/000106/000106.txt
552198d6cf2ef9706bd98511696bc49d8b4b797d28bf1e55053ac174aaa49610	data/000106/meta.json
b7e709dc11084c488177317dd04d95885b2d779f85efce0ad4c286c865796aad	data/000107/000107.sysml
8b6a4e8c610c9cda53eb5190e0d1d4ccab3f87fad421514b66b059d0e6b98dbb	data/000107/000107.txt
5b2ca699b0ecfc5f5d874ab8b2b5a5e7f465a02aaa8be9e9094437abf7f732d7	data/000107/meta.json
0c7b995b29cc65d45817073688c73b4ac7004ab8000887311222d2b164082974	data/000108/000108.sysml
87f20c3f3cee7d91f220732b2624a55b486f456f53ac70de165017c17a6e5928	data/000108/000108.txt
1a51574067460020e8183b7b659e50c6987f24ac09510758b058a52fbecaf3e1	data/000108/meta.json
3676915bf0f659529710c70cec5b404d95da03979d3dac951583932182d314f7	data/000109/000109.sysml
f297dbb8b5609d3649dd0aa23c48d6c65573b092a31a6f94abbea392f1661bbc	data/000109/000109.txt
97582b6a034b448e35a2c3347de07ea94698a9012d2f44c8b807423d10205d04	data/000109/meta.json
c0d2e8cbbc99607647548c2f769a598a845d411787402aaeb5e8ded9157fe492	data/000110/000110.sysml
fbdf82789bbeee0fcb6474db18309c4b2479c05cf5acd19b744ce2763c17e96c	data/000110/000110.txt
4c31676ff03c7add4c85c5cdc8fbb33cebb747b0cb6a813e1966c5076b61d99b	data/000110/meta.json
81c8f2930bd1bb6fef3162fb5ff01480c59af34a9f959ab646c4b91621771426	data/000111/000111.sysml
5baeee0a12c792d2991b424fbe059c63371e0ff700436b375823e7032410e1ae	data/000111/000111.txt
f282c811dffc09feab917c8c14e3e87cb513285c3bc7c4ba7da3718c4fedca92	data/000111/meta.json
21108e56525e40539423821935378bba01e001a0cbd34ef8b67ddff7de22e919	data/000112/000112.sysml
fc53de88377cbfadb2cb0c2703771bde85c66e0275f03f66a7bc89faa4d938ab	data/000112/000112.txt
740d00fba6b25cc9ec0ff794d7177af534e2b0156b83692bb43c567f27b90f6c	data/000112/meta.json
c17da7fade4c5c1f6040f7fc8375bee5b9af3827a69e889bcfbec263e4fe0c4e	data/000113/000113.sysml
267e55602808611e4dc07a731201b708f06fedd9f94ddc76d99538f5e7736662	data/000113/000113.txt
d671a9c832caab680698177274ae7483546b9b346d475a393926453ba19c0113	data/000113/meta.json
4953942240e572a0bced3e6a481e7a0078ec5f1911f5d8d34c0e287037da224f	data/000114/000114.sysml
6b45775adb49728042fb554afa6309b9a0efbccdf197de1e4d35366ddd00c303	data/000114/000114.txt
cd32e6bf5af2955e0487309d532eb57d43ecbf6c22ddf2f8ca4f9f70fd1e7827	data/000114/meta.json
1b2f2d51dd2bca13e5a20548080f6cab21a3862ba0d7850ac9e86489d10d6633	data/000115/000115.sysml
ecb32ecb9d63167d96c37df6ac15c0ab9d3e0e47d99ac3d32b2b25b1af4ac20a	data/000115/000115.txt
f7a87bb00cb8161e753481cdd5f782d60e12d134908ba492c9c2bef1fa0ac669	data/000115/meta.json
3545248d2433ffdeef47d18b8b26ec06329c52b1dbfa4f19be4684b283118456	data/000116/000116.sysml
c704b88b49e9b51c7b16ab31c1f9b496a2476bc58166601ebbcc0645d94b6a3b	data/000116/000116.txt
31b05735a69da7f491d446b9d78247e1b75f30be0028b33ba16fca0933a018f5	data/000116/meta.json
6ba1e3a81b50e75330a5011eff2b48fc69e8b1db93d92caa7263d302f95ed9df	data/000117/000117.sysml
a7f0b8eb4d138cb7e1ce68a3a1be23b8b3faeed759ead39b4a13e8823d0551ab	data/000117/000117.txt
5e2a01a4a92f9fb21563e34b65486b92af321c2a9f1589128f43ea7ab958ceed	data/000117/meta.json
40b3cc083d4e300526f4f4c11e5f416a34564ec4f42ee296ed89ca08d13256cd	data/000118/000118.sysml
cde25dd271bd253f5f6eb83f034abf016e84e051de3b78698402ed14534e51c6	data/000118/000118.txt
5c162c1427a77611052f584767ed949767db4350210f4f1b82b9352f94662e55	data/000118/meta.json
85b068216d5edf0b5ce0e2de30d2a928a46c5572a732f7c8f787199947d54ca9	data/000119/000119.sysml
32b4c824eca1fc6cc609a5163f3b318ed31ce87e1af088706e8513cedfd6c449	data/000119/000119.txt
e122b93db17ce053cdc47f61bfe2a3fba9b69ca2113842396aaaaa89558fabae	data/000119/meta.json
0fdb44f0efd3ae9f5c853652b2327d6f11f004fec90f605ad661001955ee64a6	data/000120/000120.sysml
8b86d893f9b728e9da26af7202d8cedf77882313f67e987febaf8b825cffb6bf	data/000120/000120.txt
5190f1a93f40ccdffd515d31b95b411a605f8aaca0955eecabaa0be47e749001	data/000120/meta.json
f9245d4c83cb9dba2778f83e686bdb65f29615550bc29a264a99283cf71901e9	data/000121/000121.sysml
687bcc11e4161a468b5d73fc2db59859f03b731b44ad0d8f782c7448237c54ed	data/000121/000121.txt
d75ea5bba07d36611193d8fba6b6b1420e5ae6c273fb61765a2b8f99288aac85	data/000121/meta.json
7c998f285cc6ab602898fba85dacabcff0f5be7ef81ef9168fdd0b86a8f7259a	data/000122/000122.sysml
11041cd44a52650ac8aa60e12ce276d4e52d3cc062462cd52cdbeb01f5ae7f8e	data/000122/000122.txt
750a0e01b25b76fba02fe1402341de8c13493b918da493d6a6bfafb7e9f0427a	data/000122/meta.json
14bccb577348cae5fe1b1773e1369243b44407b93419928d4610966f98bdaf63	data/000123/000123.sysml
57b71536272b4bfc606a6d2f4186f1354f92066728a5913cda829c8a66abda87	data/000123/000123.txt
a503ab1b79bfd1aaf8680ff561bdc5005c6b3d8673588bda50d632e2690869b5	data/000123/meta.json
cd59a9c6fc168afd3784e338367dfbd36bc1cc08a66b7a6c6884766ee048b6a9	data/000124/000124.sysml
6bd2408fbfe0783dc15065aaef65575a98953df744169ae0e0cfd3cbbd5371e5	data/000124/000124.txt
b511a5b87773cd5566d382e66d9c8d15d1c12bb04cb31ce08e65c2b606ec33d6	data/000124/meta.json
70fa8b06ad95b75e404a10b4b9284667333b511eff9832514c72e2022f9b3171	data/000125/000125.sysml
5a3722bbf2c396c3c6ffc2d1aabf2e7b747f324536cf2c652e37f936ed35271d	data/000125/000125.txt
0377d5d3bfc6fff813c29e9ce5dd65c993a3c56827b78ed22b01bf0de35099ec	data/000125/meta.json
b8c23e53e8e0f8042861955fe90f1929f00763e913dbb8758e6ef9d7dc6a0fd7	data/000126/000126.sysml
230e64a822369afef163e0e8b074c7873ce29c43e0e7aa5e07758cc8ff30085c	data/000126/000126.txt
1998f4c31f0cfc35e188327c86c450dca79a1c29ab2ba2c81cdb63bbb256cf56	data/000126/meta.json
ea5b086aaf26c14ca1f9dc03262d4b0d92e746d914f157d08c67dc20337c64b4	data/000127/000127.sysml
387195019cf4640d0fbc6ebe5abf9c2a0fb665832db753bb60c552e544550dba	data/000127/000127.txt
ecbe60c8de7ae4143fe20ce11654dba52f82702ab6c3915e6799189b2fbd9a23	data/000127/meta.json
26d52bf0415681390c96022df5badfe925d603e98abc6d0e7481589b645d1deb	data/000128/000128.sysml
160af84c421415550517464a529ed6c435238d1fb20be406c54fa0370a1bb40f	data/000128/000128.txt
9f35ee8800967be04a3f0646b46b12c3d61bd5e4f5b66df1e762fcf36a61bf5a	data/000128/meta.json
9cfed0dda2bd2cb1c1d775a2520abe8155725c5f159f9de45f531da45648c62c	data/000129/000129.sysml
0065c7ccc742d0e8dec8835c85070ed94fed2626a0606dd95f8d3690cf1c41c5	data/000129/000129.txt
23ed18c168362fb95092fa0650c1c59d37718cd16fa266db596f0aab358cbb37	data/000129/meta.json
68a22b8826dde8a1699c5357464dc060de22bb461d2bd2745ed5953fb82d7a79	data/000130/000130.sysml
203b2a06d080fc953505a8232d4aa53bd1947a55708012590a342383b12cdea5	data/000130/000130.txt
32598c4a8683cea095453123e04664ab0108e7d317bb8d0a685dbd2403151dd8	data/000130/meta.json
518bd633e5987133c8a0ef7ab2a7ccdeb3da4f9c4b17ddc13b5093e59bb9d7a6	data/000131/000131.sysml
5b362e96de1274c413aa5935d34ffb14cb1af695b152739c1dfc0f741ed16f31	data/000131/000131.txt
8c69379966e4e80eb1e61cf0a4a33341cce0c6edb10f91528d6c77c3f68b92b8	data/000131/meta.json
e042634df4719f3e1b0c27950625557d5d243ad49710242a9fe227e005d4b1f9	data/000132/000132.sysml
199a9754cdeda59549b8b7e44f68cbe31a327ca1f902b15d4aa9310be66fcc99	data/000132/000132.txt
8bb7f0a63c59d54e5d3fca283a5c25703c8ec7543181324766c3a99f0cb090dc	data/000132/meta.json
d977f1412a23475f45985227fda677da0223e80191043a4fe3900b5f0a373b2b	data/000133/000133.sysml
40e08170d74f7f829242d19d94eb9d426dfcdbe59b57754aa61fa92134a98a38	data/000133/000133.txt
aedb460abf032a885cf036fe55c3325c58e862c678e1861dbe3fd2ee4f4f2d69	data/000133/meta.json
9afc396b62e3be85888f35feabb3327bfc068b1f95da2fd7f97f681840fcf582	data/000134/000134.sysml
fc7806a5293b7f998b7c9199e631c9ca3d9e95e392d2a2204c67e30d0e47b64a	data/000134/000134.txt
928d84deab1d9c6153972e19a7d768e0859e5cf964232bb7a3d6587cc145883a	data/000134/meta.json
989053be5cba648732bb1f02412a63e50c2b4a621f3adb22ef19367b0ad42472	data/000135/000135.sysml
d809f7599be78e5d86092c67bd52c5f158a3abb97644a9e352482c6b7d541435	data/000135/000135.txt
1699fbd2c7b5947e99500b68c4c1163078058753c7a4ebaaeb4fc32f8b61726b	data/000135/meta.json
366ba1643b212af8f69dd2887064abb7237028a48ccb3b3fb12e8ca983081d00	data/000136/000136.sysml
aa93fced29b4da9dd730f3fa0743dce8446d5c94731a217ee2f1211db6845c10	data/000136/000136.txt
b84e089cbebc3965bc933b760f5dbc5a5fac675ac0593c1b558abc36a9e7c695	data/000136/meta.json
33670d6848bd64b2e5de898207fed84bbf6259d4f2e19dc2786d96d46020eff0	data/000137/000137.sysml
a8c3f218a481d497828f03f41a8dc2276c1d08efa70508e36102d64aaf94970e	data/000137/000137.txt
1db6db9c37b1cc46097f0fbf29e6483d50d6d50772140a1a4f79565eba13eb09	data/000137/meta.json
5e73e3d4998830a26122c49b2eb414baa3200e5f7ba2d5762747ac1d214b5dc3	data/000138/000138.sysml
14d81aa3fb2d031f23589fa60ecd1e269166d2ff625617748e8505efe2d8d911	data/000138/000138.txt
2c91a1196aa04f29ffd187938b4866e3f4b8ba9f1b1811e227bc168eed3eb21f	data/000138/meta.json
c86e843d014bb4dcde6139a9c4ae192ddecc54a95b83828d0d53d229e0386474	data/000139/000139.sysml
7f4e6e6f85cd20299bdb762fdae58373d8f9406bd6d3ff744618751830a0ffdb	data/000139/000139.txt
1390a7d7f4186bbc547593dda8c71d12fcaa629421694594e22c0dd56063c229	data/000139/meta.json
c83a12b676a7826f12f13841bd5518b7b7a1cffa264b60a570394e5760f981b9	data/000140/000140.sysml
a14d33d14a7cdd22eb6145594307533dd90b32f356cf349a7a81018272fb5ca0	data/000140/000140.txt
1e1e3014daf3769184310ae0864504ea0561111a7bae2e0d8f469d22b1ccbb4e	data/000140/meta.json
5a291e51d338f5000a8b5e03a88ff39ba1b77d83991adb1ee92a96e3ddbfc3b5	data/000141/000141.sysml
6e8f86948c3cec8bd991ddeecb15b41f17b963c9e544be0aa862b1069a9acc83	data/000141/000141.txt
fb265a2b23195cf341c5f957384431aacd94f0e7904e72a7acf35fefb5f597f4	data/000141/meta.json
3b1a30e3e5dff2c76bb2a8676073f1346c1609c62f702aad98fc2556e4f780ff	data/000142/000142.sysml
2fce23972529da9a061a329586ff9cf749ca61ab5a79d9ec42e2920144e31ef0	data/000142/000142.txt
c5c698b0e8fad25247fba91b9cef0cf328ca74ecee340f3cf0da69ca0abf68c9	data/000142/meta.json
4491d7adf037e76cd06d32bffb6a6e67bd3741a8280eedf50efbb72340fcd641	data/000143/000143.sysml
1880b922ef9fb94c43589cc7ef001fa38da0f35825dc6d9260692d938e637850	data/000143/000143.txt
ed40933bbf8b7f152c1fbd2544ed084864a3729fe749da5ee6371206d7774c35	data/000143/meta.json
c37cca84071070eae990d6f4733b789e22042a986cbc8a2616f04300d343e09d	data/000144/000144.sysml
674cb56db080277c275da267c3cd25690269e710584e4ffc4486fff5e1652880	data/000144/000144.txt
461bdb83cbc8026b5a19d0b166423eeb380c843d1d0321462f29dd49593d9b50	data/000144/meta.json
a0711b453e25f88d39383ba74dca22edf8e6fd3e08ca4b3d96abf9546e5dc7c3	data/000145/000145.sysml
724b19871671c122ab8a510d6252194bd9520059ca761952e224235720ea907c	data/000145/000145.txt
549a63693685bb5c016dd705370a92f30397615f68b396ddc0176e53010e16be	data/000145/meta.json
d0fcda6e4b48ed7b0b57ee13152008d1fb4ee89343f48b0cc33fc484b4e3f39a	data/000146/000146.sysml
4ccd0de37dd45a2170e5ccb88913d729c2f6aa2556410b47224906bc4f86ec3c	data/000146/000146.txt
325f1d0be913293cda36c28547de31dd085970b899169b5a80f44e0cbf6b154e	data/000146/meta.json
001245283d57f289a673c87e973c834d357dfcf819d251145649595a0dc70ad0	data/000147/000147.sysml
739c52df5f07b869d68f77050e8e87a5cfb8b32cb55e8b60e98a4df11bcba250	data/000147/000147.txt
1ee3de98b6ba4d3393b7b95ecfa090a95bb82fe01f69e213ffad433e6c7b3dd1	data/000147/meta.json
c7abccdd482f6001056d080562e1f5ce9a983c7d93ece5496f7e847e1d2bbebd	data/000148/000148.sysml
a325c4263bb0f99cb98256ce9bf63fd47125ccdb5d4aa8df365cd8612ee3d1c3	data/000148/000148.txt
a68b16a6cdb9bfca014863f4e7c81c5d97704edd14380623deb0a485c0a7323a	data/000148/meta.json
fee96e42ba9bdd7c31c79fcf5057ded0008a5e6a7a12c5b4ba4463d9b9e61d94	data/000149/000149.sysml
e518286290412095300abba379ff43617932016ef6746095eb064ee58d8aff75	data/000149/000149.txt
518300ae06a3caa1a35a158332c7c4a79dd7db1d6275eec35bf404c6f8b71ad5	data/000149/meta.json
cb4a16abdc6e60f570b30ba2d838999f933d0efd9348cf4bf8404019fc9f1fe2	data/000150/000150.sysml
645a08f80bd3c7bc6561c3e6557d08096610e2a5116c5c6ffb8427721dfe7c8a	data/000150/000150.txt
d724d89de9f4a5f3d903b7776c79d5e7ea430db5ff207a1f6eae168f558c6dba	data/000150/meta.json
5ba8953e347346861fc549f871a41177d64409666424c23a69da92da8162cad3	data/000151/000151.sysml
942cc85189a5dec4d98b1cbf2b70033539e98e7ebda41d8c639bc0189dca444d	data/000151/000151.txt
e59ed6638949e30577bc06d6295a8cf38691ce0b7f98dbe19154629fce994e92	data/000151/meta.json
60f6402e35fa411dff29755d441cc6f6954e647a41e225e80fedd892317379df	data/000152/000152.sysml
a0db7ae1db819012c639532218598b1d82819fe72b62956d4a6033b083a29f52	data/000152/000152.txt
434e12b428c511772725d7a9deda6cb67563529ce7b04e2d17515685bc5560d1	data/000152/meta.json
bc98281dd2d2b3066b936f13f77657237ddd30be6ff5f31f03ae79d76054a4a5	data/000153/000153.sysml
7a188241c1bb8672569cb99509e3245fe9e5dea5b7cb885d36f256e3a61aecbb	data/000153/000153.txt
80a98a7024399e00755f7e74c7be451c394862f72b925c6e4802a451e85bba01	data/000153/meta.json
5768954807af2247983855032f5eb1adb3fda9c46ff3f98460b92bb0cc96deb0	data/000154/000154.sysml
63942031402a3dcaafdad175afd87515a6b24ade53cddb298355b3da18c6d121	data/000154/000154.txt
6a3df59f9c88a8d3308cff3ee9a11ae2efb5d209269f282c7ba863f93b4a77c4	data/000154/meta.json
7f101db8137b93ae093870f23db4e7ede0a3912ff12bd170686db3836dd28f0f	data/000155/000155.sysml
4e50eee707be8f36a6c8ee27dcac68e5a95894938919c4e23a91423df8a6aab7	data/000155/000155.txt
cf4311288d2fb5ddb785ebbbf4956fa3048ed9db0ae658f6b9adcb7988c8d3d8	data/000155/meta.json
c83b5e531c4854406d9606f605fd911fb8159ca6273364583466bf5e2b70578d	data/000156/000156.sysml
e36d080602b31690bb2e85259aabbd2cb59f994d4c7ecc6161ce56b5dcced9ec	data/000156/000156.txt
c2bde45039b46edb8a0cbd347153abb18d7856368a4cc274a4f788917cdbdb6e	data/000156/meta.json
289228badcbd9fd227ad6b0607cbcb5c351f58731d6747b1c0f08b40c592a7b6	data/000157/000157.sysml
a21114215b4fb49f7fca801641048277b3879d16bdb5374e9fccd32f8f2fad9f	data/000157/000157.txt
7b2d3cdf471d92e46bee4d619b64e59cfa54e0bf69f4bcb878b1c5f012ef7373	data/000157/meta.json
da017e7651de908cd723278e2b454d41d1695509886905c219ac64b90a63ff53	data/000158/000158.sysml
496cffcb1b7ddd965b5760cd84127e44f9f7456b2ba6f42ed38cae64fcb0b6f2	data/000158/000158.txt
0cee1ea260c518bbf88d75e0a630232cbfafdbb10631d5c325f808460f4f12ba	data/000158/meta.json
c8b300bc5a70262107d067df1e868a59ecda60343ed6ebd36e780919ef635b77	data/000159/000159.sysml
175aa8e8860c5d3e16351d2f4287fd2421b69233abe676c97b9193fb503604cb	data/000159/000159.txt
22371c9ced516078deb084f23b125b2d397ef7d5c8c26a8ee865fbc7934b4aed	data/000159/meta.json
50d3f3d82c5eaa65f37c40a9462ea544ac44aa9dccd256667d54bd3bd9e91c24	data/000160/000160.sysml
2b8f3dabc58fa9d8609dabbbf7c65f461af4e89c2fd5c6fc1afdc4fffd99c070	data/000160/000160.txt
e57155b0edc51e75f57d1581f8c99b373a67a6523f8900dac95d88d517052ae9	data/000160/meta.json
8b5b296fb4f4af5c7126264b20cac05b81242820c21e090bcbd5c78c90b4e7bc	data/000161/000161.sysml
fd3a6a2372f76ac192488faff6d6af2980c579ba9d1bfd95237082e358e76578	data/000161/000161.txt
e50dd85276bc1ae823c50c3352614c8273dade92f49a0b6a0b7b3690d5e98a22	data/000161/meta.json
8d4d3f3184a508f975e1e07a075ec5885024f7136a69a7a79b236d8a520582f3	data/000162/000162.sysml
a41aa09023e994f9d25786b31abaf441f3bc852e0f48fe5f4f0de8956b3cae9a	data/000162/000162.txt
d7fad901d7ba5d33b41335083f356c930969a3461d8357370b0de638c828e48d	data/000162/meta.json
e74f69c3b8f4dd0011fd1799bf9f3450e7ad10cdec5875df0ff1eda20400e839	data/000163/000163.sysml
6bf55259227e768ba8b67e7cbe1be2c02e186341679136e9e7ce49ee74a6aa23	data/000163/000163.txt
f5d384d2f1c3d22005ec8103b2c0125bda4b46229448b8ba5792c38f09242000	data/000163/meta.json
905418655ca8f68497ca2ff72a53ee4c5d67c975b451cce2dd2566110923fb26	data/000164/000164.sysml
35378a6b10e01dbc4ea2e5127129424257ce0803c01406d17f49eaa4f7b41805	data/000164/000164.txt
a4d2183f92349f264ab0ab18615bb1d4324b8bebe9da89b28447e9cb31539f14	data/000164/meta.json
7ef69d5f949ae62c9305410cf56a06f0ff72dd780f46c746bea9f31b62f6530e	data/000165/000165.sysml
63d0522e6d51818c988a30e55896cf1318e4d8f41fa04884c842fdfa42d8106c	data/000165/000165.txt
006ceefe3eb3aec2fbdc5e429e2a3cf8e342fd8da02fda579dc198a056cbe389	data/000165/meta.json
96627a47273a5762e6e1571517d67a6731b7b09b5c56b9d92574654fee38f39a	data/000166/000166.sysml
a8d2898abc719265931b07c2dc2bac14a431741bf770d9d7fd7e03d62316524b	data/000166/000166.txt
2ff56e14a5de9d0bdcebb7f86622ee1c4638f1003c2d488bc9129e1399ef2900	data/000166/meta.json
aa73335f565d75f468997d843e60560df14279c92ad02a347ae0e4caf53ee799	data/000167/000167.sysml
cc38c5fda5e7a73808c66d67a35388bdf20da49f45752e9260dcafa2ec39dace	data/000167/000167.txt
c3be6dfdfff5b739a0b744fc97201bfa9e766ce2a1a673d4641368f53867247b	data/000167/meta.json
3acc92ed706c8c1a352929df9b2eee27b7bb2459a49a19838121dade80bc1108	data/000168/000168.sysml
8796ba5a7ba0c50ddbc46ebe7eeecb0297b95073b69be0009fc56f30b6f83334	data/000168/000168.txt
8dcbf99acd6aec43af205a09d74a5cb2cfa7961f8b5431c2bb85dcb3e8ea8551	data/000168/meta.json
bbf6164994aed96f962710105ec6be8ce97022b3e627a64ffcf9e39c2785bf6d	data/000169/000169.sysml
d76a4d7189717fffc2d4057ccd73172be09c1f5dd8433b8f18d2a278b6f2d4cb	data/000169/000169.txt
cabc800be2ae130a5bbb5da0c85d3e745a8639fa91fdd664a2d3808b99e9d870	data/000169/meta.json
a4946e78a8602eac6eef372575636cfadd26c4e5228ed4f90510918fc7267c56	data/000170/000170.sysml
bbb038727f2a1e7252fb938b05789897c002c36321cefbad094e7ce04b1cc7d1	data/000170/000170.txt
83b51b194c75d4586cef7501bd33fc69562888e66969a884a2b6fbceeb9be3dd	data/000170/meta.json
bf4f3f309b20a4e82c5f72ef4f4740de226142190a906d2d078e82b8b1f36032	data/000171/000171.sysml
6433eccd9e4961917c03b80252d8f6663b5d0a1e80fd5cebf2bdbf88ebef3cc5	data/000171/000171.txt
3b85b8716335d62554b2da40efea06ca6b0a7c758fe0666561fef895ab0ee4e5	data/000171/meta.json
cf926c7f8a7f2d8ffa70f2f8ed0c1f0ade16c7cbc1fa06a2dff7e6146df9ae70	data/000172/000172.sysml
cdbd30725232097d36fcb6442cb63a5dfa60c19206ef28efbae2a0168cf49cb5	data/000172/000172.txt
d046cedcf43d3b232736f492c7918afd645fe19a8ade07dbc34fd0722b9150dd	data/000172/meta.json
58c782d8502c4d659c4c3000bc2831dc9abcaa823b3116cc80a52cfcf20d10a2	data/000173/000173.sysml
2b5b2c06211b8507bfc7f82ab4eac970b5c1dd492047c18a836a4a3b056c7817	data/000173/000173.txt
04ab53eefbc4177beee221e7f4a67ca6331c89156f0efd10e093f959680f7024	data/000173/meta.json
8061f236770a23a365026fa3565bdad1af381058deca50486d03d5efbe4fe93e	data/000174/000174.sysml
6f953a3b365aee7fcf33779e4ff0751b2a73f671af0dfa3cfebc10b94cdb9d50	data/000174/000174.txt
2b9ae2ec7231fc924d9774b5a93d3c0c6fb823a46dabf6b81b251251f18ca6cb	data/000174/meta.json
c4708fca54c75cdff1e054c152fd50a9109773bfb267d54c57b9bcf841953070	data/000175/000175.sysml
015f3e10e5105ada862627260ac6c908c3e8f6b78ed068d9649e113e5adea749	data/000175/000175.txt
89b38731ebbad0671fbf1ea5dcc5119a28707643e600bcbc71ed435fa8d15fe9	data/000175/meta.json
6c947e54087a4e5ab1719e4043e0480211112a2ee6fc62d9b18814f3ee8f0b5c	data/000176/000176.sysml
76ffa50c0ff3ab50a149e8eeca7fb5f9ef9395e2d3df966a4f5a7fd7b41676f5	data/000176/000176.txt
02c3fc4c05daedd6ff4c8d740c6068b852b5b44208c70b14f931923108bc0075	data/000176/meta.json
f18e2dbdd9078aa3b9a3c223e2ea0251d90f7b0d64aee1dea22546cdc0977a38	data/000177/000177.sysml
e58fafcc692c03d94d75bc11183165a3412dbc0a30d83727c5d32b685d0bc121	data/000177/000177.txt
b010c9a53d996108156e1cee87e4e8aec2ef242fae6877602d3ca834515d922f	data/000177/meta.json
46d70e36666f54f5025de1d60c976ef24b56126a4a4a8f913cda8dacb1d7ad13	data/000178/000178.sysml
c0699acf378ad24e56ae9e0cee72467ddbcf714c788c3371bd19193a9857ec29	data/000178/000178.txt
21c221997818317c96b471cc5fb310d49da5a7ba6cc7d09df6e41122fc243a66	data/000178/meta.json
131f11871da50e655bf04fbc7027a3385cd438c168f842ff5a979385e2b02ff7	data/000179/000179.sysml
1981e629475157d1a08a2db36a78da34fe5f5abd251d4882b5d014cee78000fc	data/000179/000179.txt
86d11c87defe3bebad3d1991c1685ad8f62c6f882c0be77db0ece07e4f96592c	data/000179/meta.json
00475547ef422bd1264740ba8e281d39968af27d6e640be592e9b63f82dab3f1	data/000180/000180.sysml
ddfb741549990aa776a0e73f8cb99dfcb5d343c253af8a9fb1b83575f69bcbbf	data/000180/000180.txt
67bd4cebbb160ebf4d3f0b9aedf94808898c4a296902e00ff01c689a2da707da	data/000180/meta.json
d175901cc5f3c382e2e0bd894c3bf433b055b7a62203c14f097423dad584b7bf	data/000181/000181.sysml
bff6fc7e38b273c182af6c3d64763aa13e39c1d667a57616ccf8513d01669339	data/000181/000181.txt
2196b62d6cb3b0a1b3d60f6aa438a78f6f5ab18d3ab7382f2c0e46a56e4dc21b	data/000181/meta.json
00a622b19bd0c0f0199e7a281676ea7dba1ac9f31276fe3f394d4859f90c86cd	data/000182/000182.sysml
9000b6aabe318284971fcf0a6886ebe334ce1b1dfbf9536638ce6b131a301847	data/000182/000182.txt
9f9c87484a69b6a4a2b31b7e139c664de25be3c18a12a95fe5914989bd0fa02c	data/000182/meta.json
a67c6c5d00849b16f6a4f5f0a6867c94833fad77be9cf9afb28cdd4395dbcd9c	data/000183/000183.sysml
5278f07484c2c551ad5e267fa254ae6771c13f194e024a6c6f6d8a0ac4d2a64d	data/000183/000183.txt
fb4b640ecb43cb92372121379db21a76aea20e49651a5af7efc3c0eca8cf6969	data/000183/meta.json
01b3fd07fd12885dda5f7af570db6f52a60dbd4a891fc2c5de53183e3ddba741	data/000184/000184.sysml
fad06e441dec80e421b6399f1ccb3ea03934be4af2240f790cc1186c03784211	data/000184/000184.txt
6db05bb7d0ada37697bdc0921868b774a646a5cb3d25a2082509d2d954817f31	data/000184/meta.json
b3ffeaefc73bf13ae8f9c56e19e95a30e7e4140e1fa26aa6f1557a31c6bc4312	data/000185/000185.sysml
0fce591fca6f436be7de1bbff6006fa56a73918c212f1c41374246a641021a36	data/000185/000185.txt
42f906594a0fba38319806cf66f7c89c1b9ea98b7e990ad9ef8149884efa3c3d	data/000185/meta.json
7854ed2310900fb26ba5422d79e10b8fccc784fa3f012b75e2ddbf86c85dbf5e	data/000186/000186.sysml
1b9d10992cb60d3d0a9fcfd8a5ea1a56a8e16491f8097ae73f99186f072d0a81	data/000186/000186.txt
e5569bb792261a353361a6ded6c90d6a59e1a3783b843af08c6791bb5e51602a	data/000186/meta.json
ab8f3ccc569c562876187629b7486207ff1a2aded1d2a35b88df599e78ce45b5	data/000187/000187.sysml
837b7daf53c55ceee477983741faf62eb8e7c0b3c7006722fece61fab702b997	data/000187/000187.txt
961cb25175eac15721ddea96d1f317d234f5ee19d2e11c8f4eff5880ec3d8c6d	data/000187/meta.json
c11544861e27faf734695bd98704f9230f10233d363f69ea4523994b1c54cd34	data/000188/000188.sysml
784cfffd37a0552170a2e7f90cf569e1f07687b289a740dfc1fa8f96f10d3cab	data/000188/000188.txt
4c33a8c4032a38fecaa6080ccfb61791bd328fdc9fb9a5996c85334de4a0d986	data/000188/meta.json
041f8930dcac3da4aaa1a18ab0e957b7b983407461b908b6f6d440d86fdec76f	data/000189/000189.sysml
c944b665b165cf33b09bd0fef0417cf6329362cdc876b82c910bf0655063075e	data/000189/000189.txt
1251e5bea747b322560166adf22e44cf638ccd911991504a5bd6f6fe36545073	data/000189/meta.json
0e994cf5d207ca1bcb6832956504f807fde3ac976f2325f7e983290446743b1a	data/000190/000190.sysml
927533c2c17743d8d2018b1ebc7521359d6e7a0f13b653a5ad78d6bf3fe3a53b	data/000190/000190.txt
42fbad78847b911baf631243542923954a32c78e0b3f930615aae58f4fabae4c	data/000190/meta.json
3dee1f7403f9e8a9c7e450032ce66d85734fd1cd78a08d2d2e3dec4fa928030b	data/000191/000191.sysml
731ff893fe0b86cdb94164a78b3898fff74b531c8b102cf52b052fc670886c3b	data/000191/000191.txt
57668bf0c5355f9c68e4839a390d0bc5edc81fc7c8d89951a4c73d2c88b9f573	data/000191/meta.json
e0d44dbd4fdeb997810ab18fc8bff5c447a32334242efdbaf09646af5f83be7a	data/000192/000192.sysml
9147751b29639f8bdbd4b8f24186b6187e4bdea0a4abfe0c6d6914868b07f7ba	data/000192/000192.txt
33f6d75259d14eeeac34c7d6fd53d84d74ba44f6980f6f326e41d515d82148b2	data/000192/meta.json
93dac2797ea78074199d9b7956e01f7ef0456c85fa2000f5a3b99a3cba4a96ad	data/000193/000193.sysml
76b33c68abb3c803b11883a8ede9bb9e4d27e4a4d20688a8887ffbe0ff5638e1	data/000193/000193.txt
115e3bb837fdbcbd9526a8e09d31a2491f986d293695603ff9ba997d696738cc	data/000193/meta.json
ad1e0b92f7084f8b864b852aa4938f01d4676ab31733e60088d4117f30a90f99	data/000194/000194.sysml
083a220d90622d3986c987f6654f7a2d148a2af2c2fbded6be7f81ab2dbc5a40	data/000194/000194.txt
33e73e6b1128ac22f9b1676590a104b75cd8919e96ebd12052f6c3408eec6d45	data/000194/meta.json
68adac5f5b2a0f7d8d2ca2bb6ce4aca3d636317b74a3d2036f1df95379e3e514	data/000195/000195.sysml
5022c3ba41da04dbe7796915deb4ceab8d169eb94572a27017b3892c893f8a2e	data/000195/000195.txt
6382f5331746cfbd2c57f24befbc6f2beeb4523e532822742886bf4564ab71a3	data/000195/meta.json
ee3fd9b693eee0eda5543ba146b1c672dacc06ec913bd3da5da12c240ef6f13e	data/000196/000196.sysml
ad3efb597060fed374ed62c62e1d81fc54fc82aca5c8d40e4d97239dadb69218	data/000196/000196.txt
b60a00a960d64d840e02ca15d79d1c700c3aba76da51519fde4a628b036703f2	data/000196/meta.json
f2762576cfb1564605ce162a2326f2b5e00f9a6eb25879831adbf854db3e4689	data/000197/000197.sysml
9ed436255372c067112b78943f534c5ee1d431e0c639aa58a377e55dd7794e33	data/000197/000197.txt
ef41aea4d3e45b4bfeb327a9b89340271f2c90d7e6b6a2fb6c5df8791ed16d01	data/000197/meta.json
9fc597156787d6bfa04c6c06b30026b0a6b99240e43320aeb0b4b1c5d5f7ed8f	data/000198/000198.sysml
57408ff154074cef6c35b300a53c12e26bf8e04f39f061f8f4ab3f11af3acc37	data/000198/000198.txt
0b99e600ebb7cfa692362bb5d292071337d6856d026c6eae5ffed9692382decc	data/000198/meta.json
2d6e1789531ef65d4a7e221eae51fff7adafd739abe47c073f9f3cc7c27f187f	data/000199/000199.sysml
a5e1fe7ce248670dc8eee1f34e9e0a85ef27869dc6ef62c4c30452c0a58b33a8	data/000199/000199.txt
eba8115efc9cc2916e3ca81e848753153b8fc5d699d42a7ca136add7f6082777	data/000199/meta.json
e4093071e6c613cb5e66e79be116cc90e2732c141ef85ffd10ada7fc71dd4ce1	data/000200/000200.sysml
aa9f739dde22ca2f633b1236498a2f6f4f57799d44d34615c8a1cd3edc065a3d	data/000200/000200.txt
a441956cceeea8482745f70620942a046fc0f86e12512794e3dd345abbc8a1ae	data/000200/meta.json
1fd798b584fcf8294bb179e6ad09bb231a860b7f06c0ac3ebf7d5c326b81355b	data/000201/000201.sysml
7a0836c21d00b2f7d01d3e30549dabe613bf1e2a0572e897b85f63a8abe75f8d	data/000201/000201.txt
f6175ed447b2e1864d7179f3e137b839f4121b5c0508f79c9670fd28481e1d8d	data/000201/meta.json
ee405fc045e2325625d2ab7d242f1852c4ca9d36a40d8919ad22d4bcc97fbbe0	data/000202/000202.sysml
371d9af10d3cd2096eb0dff9a5cf7deaedba3b9a7770fc06e2f74da9449b4fc0	data/000202/000202.txt
61dc1379d7450ddc70aa82ce9d66b879442733be7a850d1db198b7f87e3fad6b	data/000202/meta.json
a195aa08ccc55b28611590bf8318e68dc743a80bbab067f9e501223e4cf28a3d	data/000203/000203.sysml
1697de026e2e1ab12dcc03d4fd4393b07cfde73d4658812e57d170c5eb0a6be4	data/000203/000203.txt
366024370465c7b238111fa847f51466f59e1ed93de7394387f9fb393605dab3	data/000203/meta.json
d4c3a58f64733407d8f55882bb422abeba6a56071a381fa81c7e0cecefb3a37c	data/000204/000204.sysml
92bfb61bc5b497ed43cd90c75678b4fb11fee88f906d71d210a09d7329542feb	data/000204/000204.txt
11294f34b0ea8c87a717c7f7c83e2cfbdfbd1268250b9a1d2d5a73698a1c211c	data/000204/meta.json
b06f8ff7362015304b73339a3444c3bb2b7b0f3ab367bf390cc849dd7ae10397	data/000205/000205.sysml
cd33e144862517efc6d751a4356d5f7c711d8fc7a9fa9748a0761e99609321db	data/000205/000205.txt
877d2b5d4c51a78027178ede9949ef0b92deb2da841b64fb4494b14621354f81	data/000205/meta.json
53a4dbd7dd39c808582e6fe3c791fbf642a9d17fc1775c2796d2c7fd359ad456	data/000206/000206.sysml
f409ce6563d97c4082f9654b3e37487a6e560c827b4ba9fb29df72c44963cb67	data/000206/000206.txt
6cc0e93a9d1a29797a528b994131dc86383a663541b981629d61ada23a8133de	data/000206/meta.json
53076ded62ac7995f3bba8365c635e725894074faf3b19787bec711136b781ba	data/000207/000207.sysml
c791ffaa95902b85ca77537b32d4482c0d5a48aee092af30fa428d8373e32938	data/000207/000207.txt
7425d589c141c8d2c66cf5474ac4b1369ddc1a3ee31467d0208acbda36345782	data/000207/meta.json
5606db54345e6a79c90c948f7d71a86222110422f90ad7b5f5e30bdee93d7638	data/000208/000208.sysml
7b638a2e62c173af4129709896dbdb3de1b53ed917a4afb4d2bf70c12dac80e4	data/000208/000208.txt
6420875660157cf242c12d361a92fe58c76154debe485b42959a78944ad48ec6	data/000208/meta.json
09d33ca09f9121193374b09215f6a3fffe5654cdfde8c794a4f8637b71825485	data/000209/000209.sysml
34b89b2fdc52ac83e646eac93e52f2bf8e0ee05d94848bbd20995f23a481b578	data/000209/000209.txt
66faaeefb15d26121d9211d4c47fbc4d868fcfd0b74c52d9409161aa3e0ae2de	data/000209/meta.json
22bfc1ae2dbcb94db9844eddc16dda325645d2b0eb622bbfcfefe93bd6433ef8	data/000210/000210.sysml
1994ea5b62ecf9a1ed5452338a20d8118c427afbff7e17b590e03b2b6338a3a9	data/000210/000210.txt
064d7e14e906a3cd31f6bcab3d304e587f0fd7d613ffbf1b5c26d64aa4c0b009	data/000210/meta.json
218835c9dbefdc8f76098c342aa6bb3db66b85c9a298fabed8e518920d36f32f	data/000211/000211.sysml
0e4085be58769126e341f4c8ec8832cfc502cf200e2336757c4eb5816ef7c684	data/000211/000211.txt
630a80e1239c87a03dec1c6b3ad25345b72f314effed37edf8e22a5a87c8ad3a	data/000211/meta.json
31efc993fd2ead88e2edb0130fde4051c64a86dce7c31c1057b4131de507a848	data/000212/000212.sysml
092a61f7d3abe9fd96f34a5ccc5857bcc9689b130c097307977361adb823d67f	data/000212/000212.txt
fb232945b08af087d5a680f45c1e95a16a93358a3f5a822a0caf8ded9bcc5772	data/000212/meta.json
a4e94ee32045fe6250ec8ca932405d53d16e2a6b89b14621b4de8aa86a45f8af	data/000213/000213.sysml
acd0a0da203c4aba04b3c7ce28fefbfa613733103fea9982c6c8e2396fac3d39	data/000213/000213.txt
bc518cf027e402b0783b5bde3c63455aaadb4e4344a47130b0d884f8d34670c7	data/000213/meta.json
9d5321f0c569f5d36657b81b0c129138001939efecf8cb87c528f3eea629b0ab	data/000214/000214.sysml
f67139a53b5bd607fe3abf0924aca133ba124d152ee0931dea73d17aacb14696	data/000214/000214.txt
138e443254f31a8d97e831f5896b62ae285ead04f2ee530c094b2d0a40583d02	data/000214/meta.json
c0f5d9fc230789e6b4326d554a05e38cd4db48c2081d8d8a627eef52a5574fd7	data/000215/000215.sysml
c3e70ff3c42feb77e07c4380a357d49d1ac1d62f852d0f73a2f47f238f9de5d5	data/000215/000215.txt
45a179d32eaf39aa6c926c5481d48bb8db5f88d9c12223ef49f0f0aa47e26217	data/000215/meta.json
be660d2f7935c481d4ab39fb68231a00d830489ef9365b68e8213e50015323c1	data/000216/000216.sysml
70bc8cf9eb7326640b5ade06d988e37e2164d680f9df0cdb97a4e3bea1de8515	data/000216/000216.txt
e0a7c1f94ad90c1af1fe58e42bdc262a097e89b745336bbc76ef61f5466eec90	data/000216/meta.json
877d2ae9cfc2e51a37b0217ae94be7df0f810ecf36eddf31c9a27d14dc2a0356	data/000217/000217.sysml
6e0f2f6ea007ab7f7887e28f5d202b7ac1e765f249a971181d879f50d1fde532	data/000217/000217.txt
40bf1edc5a33e89b77fcb37cef14b69ee147e67a0c7b8429d93d46c79c439342	data/000217/meta.json
e24ec15d535a3bfbf8aaeb57e599503ce57de51bcc07790c77435b44501fc138	data/000218/000218.sysml
51c6a0db00f8061b02f5fcb8ea4f47b5e7c91b3362edbdf58723b07ea81e9f9e	data/000218/000218.txt
286290269f18a459097bb751f0b7b481907faf3678dc51ef0d27fec00e68ef02	data/000218/meta.json
b64991322decd492c6bb14ea32ad8282499d66e9dc8f9be66da9f283c74f6c80	data/000219/000219.sysml
bcabbb561b541b2bd0294d63872f51bdf51d414862680e33712e3d0b75fabaed	data/000219/000219.txt
5bee7c1a840100d5bc5d8a4c1086de78544c2ba3f13f4832bbf5889398371ad9	data/000219/meta.json
3bea4bbe7b04ba3572b3f7ccebd211897ad0521ef73009f31c32eed7296d3749	data/000220/000220.sysml
689af49e965c1fda2319d5d6b7188e3c66cd5e744133871af19d79e54d1ad7d3	data/000220/000220.txt
bc0aec62d25326345dd7f25e0072501e12591a612850c4f6a8bc86755ab66e5f	data/000220/meta.json
600106d6e2874f810ebb4c98f6fafd6b96b6f79842a9fdb7b42fd269aeb56c40	data/000221/000221.sysml
c2d54c1ece8bec8175ff8dc758bea016cba1fca6dbaa2a00190869790998da52	data/000221/000221.txt
f846507a6df481e69d79c4eb5dba7dbac3747d28d40a0214a3b0d6d60be6a71f	data/000221/meta.json
f89e97e5a9a49c6c3f2fc59162f99a60d1cf6faa5599ecdf1db398c72f8e3514	data/000222/000222.sysml
b2c7e0928014c9182d34fa5c8673da6aab8b81854f6afa5377852ade8b6ba041	data/000222/000222.txt
dab66c0729382ca0ff58be6a8894a813d7cc8a5b8af85c1b5f1befda992e955b	data/000222/meta.json
4f61d6974a32de8a30dc70592c3f0cbe2c98ddb78794f2628c6e39ed0b3e6d2d	data/000223/000223.sysml
674851b56d2598b7564203a6c805593f9105abe4182832cdb9a1d71ac76483c0	data/000223/000223.txt
c20793d52296f0c19da819c945bf9eed3ad79c76ac444f4faef1b324c446f1a2	data/000223/meta.json
69966550379ca490de4dffa7b284be83983d0deaa565c073aec79c603f019bac	data/000224/000224.sysml
7e38ddec9baf000049dd5dfa80ecd7444ea43fefafb5a787ff9b40b87d623b16	data/000224/000224.txt
3dacfc8e4a62378f537bde9fe6e46280e54991a37e972b925b4dbdf250719c9f	data/000224/meta.json
1a65dcbc5a7f0086111744d6d0f640a36c2721ee9156fbab34b09cfede1e7d24	data/000225/000225.sysml
90f279f3995749a39c8dd077bef9bfbf38c6093f002353d6d89fbdf838e8ea45	data/000225/000225.txt
9ceb20ea47b3c1dc488f95d2e96bf331771b30dfc0fa6e0178d71310e6a59e65	data/000225/meta.json
458ffde07b81f5ee23392c3ec2f57066f4e9e83b3329c1614663c41dfd48c733	data/000226/000226.sysml
075f005c188cfb5f9f9afcd3e94a611aa11bcbbe734e49fd5873c81ae4d593a9	data/000226/000226.txt
1af39e336f213c0ef1bccc9931c72decfbb03d05f7018799ccce241a776a09c4	data/000226/meta.json
0a7f5cb3d280ca39a6b657a1c2ccc9a87515722936bddbfcbbb86d0d77796687	data/000227/000227.sysml
ba0f82334771097924f110769569ca2682908629f701c620d7350fc9ec653e77	data/000227/000227.txt
5a27bd705a899f24d5d0f3438cfe7accd0f1ac58c7a3511b664956115e3daf44	data/000227/meta.json
c2a71044b46c328d278445b2f4da6270c965f299a4639efe5a1ff0ef1baa5301	data/000228/000228.sysml
a3a789d85ee542ae9a59cf71f1d37c32ae3531e01b43c47d406a06220ddc4930	data/000228/000228.txt
013b1a44a70df3e9c4fa4bd7c6dcf46cf84f7c06a4e9e847967ce09408875e3c	data/000228/meta.json
4e14d12b4091f01c0556dc65a45df6c46d5bd210b1a70537462458f59966be93	data/000229/000229.sysml
5408ba4c68d1de7970b554ea05c338bfaabbeb00505ffc6b9e6f4264cd902277	data/000229/000229.txt
fb5c43cf0bf2e1ef9afeb2f11543ca10f9f94392eaef50939ab7e0608c05d602	data/000229/meta.json
f72bc1e710bd77742eb371d63b466987b3d6ceae7f37a266e0245c6565878cab	data/000230/000230.sysml
05a8448fccc0f4aaea927e8ccd53abc5e9cfe3b8c94c474f49ca055412ec2a1a	data/000230/000230.txt
970cf62c6d0fa030b33de649bdce453da9ec23a1feb39b7795b1a174ae5c8d3d	data/000230/meta.json
fbe9aaa70532d3303fd6fb39bc725cc9299e52c33a4960a97723a1f4154ecb82	data/000231/000231.sysml
2404212414c78bf296b1867a5327b6459644f6fc881721d1377b37ccda914f23	data/000231/000231.txt
fcf0f863fe3edbcc1f4c9888fd18342fe42590fe80474a3eef34ca77346ef3b8	data/000231/meta.json
9fd6886fe63e328c9cca645d137e1413ed93068f56ed05e3be0e837832e705a8	data/000232/000232.sysml
3b3508683a7ce3ec7bee2f0e76e40585da7e60192b61e5c04ab01758cd31cf7b	data/000232/000232.txt
740487845800e2bcb0164a2590a8da313c2c8d4b9dbca7a9bea3f330d0da8110	data/000232/meta.json
7760e8264bfa7b2ab6ecf4985110459c959d5c971712acd3f1f945317b3d92f4	data/000233/000233.sysml
29a79b2fc7afd5b29dbea798704a0c9bb24a9440c10e2b08e03b8701e409caf6	data/000233/000233.txt
01792c7e5f05fa1efdb22b4c31f1601e268a297298228cc8866c6e86962131b2	data/000233/meta.json
e88230f7825608a153977c07b16bd48dbdd41dadbcf2c0d4ecdb001a91dddbe7	data/000234/000234.sysml
8d8d77784796c2abbeffb96a269e6b1941e6cd8d78101919de5d250852841cd2	data/000234/000234.txt
1834c7c89ac0aed726fccb673651aaadc2378f407752cc086bac6435fed3a2e3	data/000234/meta.json
fe562529159fc94cf23b1fc827cd3590dc3946265680a3d9324f79125637138b	data/000235/000235.sysml
dcaeab07eab674fc49ecd6952ea56459cb2ebdc810d3f4f714308f9091615fa3	data/000235/000235.txt
9e46092788395a39668bd5fe3c965e6f561323236542d4f576ed46238513cb50	data/000235/meta.json
156b04676dd45d985aafaa04cd98cbc70727a5ff8b395444471e37abfc23eb07	data/000236/000236.sysml
d51220502a453d2256d895739ec86fb6570b4818d555e468d2c09d6d9c156c36	data/000236/000236.txt
537486acea19cd37ab3c6f9d1f752a9454975d2aee55f9f791a6384a12ebf815	data/000236/meta.json
be7c568cf296df8e4bd866ce604cdb1e2cef3223f3c7c7a8d74863fd3fe82554	data/000237/000237.sysml
62208f342083d0aa3bed8cd529ae741c1e239c74a4c02a47eb0f3ca12d222ea4	data/000237/000237.txt
59a135e44127e06d98c497c30cf9d213620b7ef8fc0ebf660e7d623bc68dbc44	data/000237/meta.json
c62afbf670da4a4fc2f337e5eca84e7b8f1790113fdad7cf5c21757c2b98e9a8	data/000238/000238.sysml
7ed7285c06b1a30ed0f57819b01f973638e6ffbba4a3f366b81683394474a2e5	data/000238/000238.txt
53e46abc4dd586ec5a74cdaf46361d082b5f127903a8f642abe48f8f2479dbc6	data/000238/meta.json
876f29fc5476b05f9fa908d69176e00825d996ba9b5c622cd2fbb95867a004a8	data/000239/000239.sysml
8506ae5b009ee48e8c1a49bca0b5201b14876a7c19c9ed27f9fabd782915bd39	data/000239/000239.txt
4d4b08b0ed42070663457cbb1790bf41334f8b345ce36c088e7f7fcff01958a4	data/000239/meta.json
359274cb936c12607ffb487a01b30c89359ab75b6b4328f9393d8d5745b4c1d0	data/000240/000240.sysml
89b5229740bbff621ea4c9a516ea37718a7c04ab5c71ed46c3c5cedb32b351ca	data/000240/000240.txt
08d7008c05075e9bc1910e8fc337f88229292e0e828d0faa3c721d1f460deecc	data/000240/meta.json
21be841080c23b55243365352b93b11094977555ea0b8f417107c7316eb52a1a	data/000241/000241.sysml
3b7d7eafcb6f9c438a958ab785e54d0db2de022443414f43c169aea4bb967510	data/000241/000241.txt
16902579dabb4477401e86c336af8eb672ac39fab6c4272b114be64c75154050	data/000241/meta.json
25ff6e37d7090c1f16e24a0fe644ab69dde4745977afb3dae5f7161182bb2090	data/000242/000242.sysml
e6c247c0c586ee92047202c7f2051881476a2ac74a813f139628a95e31048d9f	data/000242/000242.txt
a3cfa1894ba1b0db9a8acde537d201824e2756f641eb202cc64a8e944790cc81	data/000242/meta.json
28ea6f6aa4b222fdeead4b5f3bb5c1180a6d655d07b9fdeee2f285fd420d2408	data/000243/000243.sysml
7fb0f0845700c915eeb5ae38a991e4e183b66570989e89d242ec0a107b435efc	data/000243/000243.txt
74727867cfc61aec86bd926f9dfe3c70944350c3e0f9c7d0bb279e45af653b80	data/000243/meta.json
6d7232008b6d7522ae4e1b1cb9fa15c856e67054849696924594a7f4f2b0515c	data/000244/000244.sysml
d3fff1e9e7af42d34a2dc05cfe4a6bdfd7cfce070142e7436892c5288220b6ca	data/000244/000244.txt
844395e56a384b3f361af45f42120432dcab696722211cd4acb014498080a1cd	data/000244/meta.json
72dedb9af384da9948e1e9e9a1e6b8ffe1bb970bcb277588147f93efa9bf853e	data/000245/000245.sysml
6c24d0b91bc45e746a8c4594bca8e2a5d4ac4c3192605faf4face6484cce6bf3	data/000245/000245.txt
69f1cb00232e681362a138e139cfc4b1c3f801539ccd9b32fbf35a074b816c5a	data/000245/meta.json
a8c4d8571ad672de9e300c7de2cac8c684bf6b403bc16fcf3a896a350b0218b3	data/000246/000246.sysml
5c2d28d279a2491d60c6eac38e526b4f4c1e9f6dd646886012fb894fa0e96000	data/000246/000246.txt
f56fc17bc6d0e80796affa391c1b79ef90a9ac2f939f035983b05302e0385d61	data/000246/meta.json
7d848239c6012cc15d04d4bd58b9d0e935972991cee7a9bb4569e9a7536fdd30	data/000247/000247.sysml
8a737f784267839e2f79fcfb5e9df6fe35e0ce412d20383d9d337c46687d437a	data/000247/000247.txt
4394646175bf564350d1bca710afbd1d8664b9ca14b53af69d22f5de433e4b05	data/000247/meta.json
52c79bd6c698ee26840a9246b0fd4294d05e59b11f38f9f5a980535bb0d0761c	data/000248/000248.sysml
1687b9d96176f30e6ff90f416f512b4bede665046802f8d4a8dede9d1ca70285	data/000248/000248.txt
a60f479722c0b34b1f7b2b482bbbde5fdd92f87f9ec22ce6fadc590ac84b669f	data/000248/meta.json
df9b1f3a76f0a0fb30bbf6f30705d64ac26cbe50b9143dcea5a877c7d69cdc1c	data/000249/000249.sysml
efe28e0cee582d606a41fb855b2e00274ad008f042385301953d3740a866eb7c	data/000249/000249.txt
711af444f2acb88db28d47868f4215deeb3a21031f9688b87cab882dda427fdf	data/000249/meta.json
debd6b83bb60278f6c8d160d0fb8ad31b9107295461d8070cbd8069db9b9e457	data/000250/000250.sysml
85663205b2f04487659de7ad09518a0801069970879bd5b403ade3516016a67d	data/000250/000250.txt
1803ca146f7fd76015897a4731c7bfe7ef2c7c5c8fdd69bc42a12a4939c5f3b9	data/000250/meta.json
dd8d3e39da78b87465b2395b1ed42008eb06682dd6455ce55aa2290893859223	data/000251/000251.sysml
35f027bb83e25e65946d48ce59ceba072c50682cb9be95edc6aedb4d5a608d30	data/000251/000251.txt
1c8577919fa33915659c64b14a6c53805388d1594a66c959dd874275bbd2995d	data/000251/meta.json
3c1e9d4922c4eda31b6a57afd1879cdd6675874dadc9acc974b227341e37295c	data/000252/000252.sysml
3213b60b4d391fdf153776c19dab82908d2fda9e75be6ff92de27cd993c6e0d2	data/000252/000252.txt
de16afac63ab02ddc9cefb7ae74886e870db74d4a87362503421a30ce7f2b94a	data/000252/meta.json
d0159c15b68234fdb427b93d9559e014dbb076ff489561f29ab44bf476e90823	data/000253/000253.sysml
ed7895bf6f37badb874dcd433f82a70a681e59e719ae8a40ee2a9b90e6ec2ca3	data/000253/000253.txt
ef2d97d8387c98907f29cf1b0c05e588f15bb32ad70f2a6de93f55215bbae4f4	data/000253/meta.json
84b37f821a42c311679458a721fc68dfa207a9387f0ae44d3c89e05eff54e336	data/000254/000254.sysml
c2d3c93e05f9d5fff28e9003babb08ab453291b2a359d8036110c59d913a5db2	data/000254/000254.txt
a800154485b5f7a7486a9fc00b468d76402aeb96d5a08aa95b171bd940fd6e6f	data/000254/meta.json
38a1ffd093cec66de82e307f5f8cfa385e3cebca1de11fa9762117c1ddd5615f	data/000255/000255.sysml
75ae7d6ace5343762abdf01cb4fc026c754ebcb24fe0bf5124a9140eb598b24e	data/000255/000255.txt
7f0345d7e33b5514ff3e7fb3c6bd177a98478a7f3db9d8ef61e7b5f25d8a22e1	data/000255/meta.json
304944e1e56064755f721c1d4888d62e18fec815bcaef14141c3ca0f92701e3b	data/000256/000256.sysml
baea79c74bb22cfe374a9d0661be19330aac4ebd0f8f1174046e5604ef2f65fd	data/000256/000256.txt
3f08b395815c93428d029fefe0dad9c29e32bc6c9b469d78f078ae72f6339d42	data/000256/meta.json
d140e75be5a61a140048a5dcec22685acfd93096c6de0e5a14d0e23a527e1464	data/000257/000257.sysml
696d41ea2533c38c7d0379c024bd2e19fc27abdf66737f31f060050cce5f0840	data/000257/000257.txt
9f488f8a50fae2cae87fd65460b6845a4806498f4c7d273bdf0ae8cd97d49e44	data/000257/meta.json
dbdae0f1262d513ff416d4b6ee54377ff2503b0e64183840495ba1eb5a5e3d99	data/000258/000258.sysml
66cfd6024918fff12c50f8a73d46a62bf2d26fcfe2b17fb19e1d9c92ec7bbc09	data/000258/000258.txt
aab21860b65598ac7d58865091037790ea7e704e57457983b665c122fbf039ee	data/000258/meta.json
d941393e28d059718f213dcd594ad21ee492b8f5babd780b5c74a52515fa1619	data/000259/000259.sysml
fa4870988b8da6c368db9c9b98b49de98b75737fb9e1e93a7b2cfaa94714132d	data/000259/000259.txt
8ed9fe36b993957efae0256d9708b0edcb75bdde9d87c41eb00c679ab3c5cd28	data/000259/meta.json
99f91e1f4ad0c3333f93426a450cd530a168c6300fc579e96cabb1065b6c3f1c	data/000260/000260.sysml
66049a3b0a0823b44f3064476b00d92bda2384b411028f45b5494ffb20ac7fa7	data/000260/000260.txt
a7a68155ac11d79109a09845bd0e4aa0a30cf670bd6e14423f46f150571f2d2d	data/000260/meta.json
5108f03a4c6c34e53f3a56f7cad6eccfa4ea7f9ec12fdbe72478ff91f9f71b89	data/000261/000261.sysml
bf3dcaa58cfa6a1fd1a521f236da6b7994daee12a9f6b14541b6d3a9961cf5c2	data/000261/000261.txt
153b0a0f68f140ee273ea5016d5ff85bf1a9d50f9edb60b0c43a992552ecc0c3	data/000261/meta.json
edc46afb5e6713edcc7449b476789e5b256c0b2a3cafff31f64cb5f9ab615f59	data/000262/000262.sysml
247aa13bbb27385515cb0f783eb9a6a1569a54f121892641f36e4d548de6c236	data/000262/000262.txt
08c6f756dfb40b015ef42bd9368a1bcda402f071e061741da5ca6ea3ef9f9a13	data/000262/meta.json
a2ffc3d81c1fabbae60378b549e6f9cbb1e8d685f0a2a77d6a3980b1c9d881fa	data/000263/000263.sysml
c450137c0f6bbf090856b60cecc4601d0ace203dc459baf1fb749e2b0480c58b	data/000263/000263.txt
91eda50a4f721623b08cba2b929239ab4bafcbf92f0ea78a6d42808267d89fb5	data/000263/meta.json
28602b71abe7cb7c9ce895f3295ef9d66cdd6d79186030050035b43dbc400408	data/000264/000264.sysml
8d3f881d95b495a3e6c5579acefdec9e1f9fcc1af2bc736c858137de212f224b	data/000264/000264.txt
5ed64d94d31c21a624d08fb61de3c9b0a4faeb722819bf55e376ab1d486cd8c7	data/000264/meta.json
e8993920d4d3b348acaf49716ab0997fbbd71159e8bd314a8371cc6262a9ad54	data/000265/000265.sysml
ad451e770bdde21df3555a0f0465e02623dd96e5079a4a86266bc2f934dfadba	data/000265/000265.txt
9a92929b74bdddb23d653b006ec89af4a46e8c40b4be5e70094dacca52860eaa	data/000265/meta.json
bb72824e9b327be9ce78c8dcaadaac29096d7c9c1fc350839a1fc423108de92d	data/000266/000266.sysml
fa1e120fbe2516167bc5f6367be079a3acdc64c83d64120fb16adc4451ebc46d	data/000266/000266.txt
01832c8456b68310d21b5df782813e6ef19aaf695f07f759352de0fe2e859b83	data/000266/meta.json
93917c38b8b7a045a912c4b854d6a4991580a1cf1753c494a26fbf46cc3b330b	data/000267/000267.sysml
bc8a9477a30faa981c6af2ccab498016ed7586898d9875fcb9bf7c28b709e759	data/000267/000267.txt
4d7377a0df3a3af865ef62c52096f51700585b9bf076d707bf3609d3c91e57e1	data/000267/meta.json
fa4f7681690b3d52b45e299d0a79eb11122111af9d725efab785f1b0ac22bbf7	data/000268/000268.sysml
e67ce82bb9d7c25bb6bd0b62498cc3bcf079f77ddf3fc520dd3352254806906a	data/000268/000268.txt
c863bdd381e1950e2586b7f4997f8802ada4ec02feccc0d27d9b2cba046b6740	data/000268/meta.json
ca1ac82e7604b94dcdfe433bc326a65d9089a86bc3bf5091e2d0d2e22a36b92b	data/000269/000269.sysml
d364ff915276f0a535a3ae491b21166a2d20364b276106110e1273b7fc25f55d	data/000269/000269.txt
ca5fdf91fa826dafea9264e060d4f814312ee0728e614360216e05fc753ea843	data/000269/meta.json
ddabb4c84edc5f40d4d099b6a859ebf50d7226e8fd8b98c5a832d0a8d2e67868	data/000270/000270.sysml
2c8d5ec8ea0309395994d6f5fd7def38fd32de2e782b7d1fbd205525ee82c8c9	data/000270/000270.txt
d28819f8b07345bacae58bc10feb4f607981167586ac5b8f0a37690fbb88d7a2	data/000270/meta.json
a95998846b82a700a7bc16e369c40eb7fd6b6bb47bc577882426d6604ad44137	data/000271/000271.sysml
697ce417ef6b990c75b459e768a7c643f3793216d513f1d8484d87c22457db84	data/000271/000271.txt
d84c79489fdaa6c07a948554e69a97965237785d34b19add366903c389a59783	data/000271/meta.json
08f788e799ecb37a1960f62900c1891f1032929ab1544f77c1b0840470cf8721	data/000272/000272.sysml
f0631e7168dea55ddba4811bdc1e436ed00ae488e3951dd9da22095dd182875b	data/000272/000272.txt
433e5efd880779b6c896536e34d3c6d8e3c592555997da305a99f999c2038e8c	data/000272/meta.json
e0d72e8bf4b0de0bcbace2db5ebbc1eade915851e1701a341fe25620c5e3363c	data/000273/000273.sysml
00685b2060d93c3c9e750912a8ae9d562f30e916ed1911dafb79b572a731ebb4	data/000273/000273.txt
4ea9daeba2e88636aa8ebcf662b012df482348d967b54531c2e3b4335b03eb6c	data/000273/meta.json
5904596702dff614b26360256569d8d789c2cc8688417f070ef1b44b0e7a6704	data/000274/000274.sysml
4c4a50c4387ffc76e6bb48aee9d15889418f79c1704314946a2082d929767ead	data/000274/000274.txt
f5355102fcff24418f613e308d620124ad34edde5f8676c7f14c96bcb3bdc14a	data/000274/meta.json
9450fc4cc4d0f4c68f5d9383671d554173bb8af25cd5fae4c5aa1194263aea7c	data/000275/000275.sysml
99b86ce778a4ce3da5a0d228185dfbf1852e4171e959a5f17714e33ead866225	data/000275/000275.txt
6e9464d7db5612f71f744da66353b92de79e412605091247b038e6dd6dcc6f9f	data/000275/meta.json
262d2407b5b2b34e94a5e7999dd93648b23fd00a5fd893b81316a2187a4cd263	data/000276/000276.sysml
bc551fcfd8d87fa4f5e868dce1d0669c865c37fd5d76e0973e9a08f5eaf8ca3b	data/000276/000276.txt
5ed728e3d7587a3e09894401aebccf5db3894b8877e0715448bffdeee3c80fb5	data/000276/meta.json
f409a613c1d685f5e583635d20e87d2d2ca018bc3cb93f3fbd6dc6d69e4fdb85	data/000277/000277.sysml
2c8d5ec8ea0309395994d6f5fd7def38fd32de2e782b7d1fbd205525ee82c8c9	data/000277/000277.txt
c6f1b06b53aff352eaef552102262d2ac1935e965ef6aca6b95b97d2783889b2	data/000277/meta.json
7581b339404606a23c2769400e7a040b76e9a730ef879fdfd5cf287a663927c4	data/000278/000278.sysml
198b34f76ea6a61dbe03164b17ce52eb9cce239e4f6253c1e03a08a4807273d7	data/000278/000278.txt
9709598936f2882e91f4c38a0b54333daf2666a5ba32750ba7c2e80c63b1ebe3	data/000278/meta.json
c2fb0a82ed8ef497ebdbf72bb9ad9013747cfb367d9936f28a527f00723d50cb	data/000279/000279.sysml
3050efab2452fb2866ad9cd93495056b8e162770c38e2771ce453f5b81c0ebb3	data/000279/000279.txt
33d3bf554bd12f61d54e6b7fe570afd8128b08f0a0a92d647e3c1f1e55513250	data/000279/meta.json
be1991efd247e60bef557e7d726ec02f4e112ee4bb92c24c64ff8707807d0cdd	data/000280/000280.sysml
65dbfac60b6f85877fe55cc2e05e7fe4769411563685fce0256c112ce5932637	data/000280/000280.txt
bf17bf73e3cbd50f7a3e0b6e9c00269147e21f46a0312a63ea11cc850e97a35a	data/000280/meta.json
f6ee616339a913378a0a0d90596102a0484d273a61c1de22ed4da8cbf70c813a	data/000281/000281.sysml
1cd69219c5330e7ef7816b4338d205bb3bb3b8483f49ccbeb4c1bf4d36eb87da	data/000281/000281.txt
832089baa56eb3d5abc27f7dad2313dd9f92951af64f900aadfa4941d4d9eb24	data/000281/meta.json
07ff0ab58ef76a6726c3a19a739d6eb3d5a981698d1e08f600dca17d369b6e98	data/000282/000282.sysml
64aca7b9b111e87e30d0ae2f3ecb168cf36097a789121f926306c60c5cc2cf85	data/000282/000282.txt
7a354fd994d87c3e6fc73fb05ee42afce7c5c1f43f533e6fb82da0592b02d414	data/000282/meta.json
04b58ea5ae9f9fd26fabd492940f3cc3bf235101165def1976fc7957351c814e	data/000283/000283.sysml
50629fca056ec1f94c7eaba144e2d88b2a539da396804cc8ea7a5f05694b5ac8	data/000283/000283.txt
942ff58300a533e87f342a026f37e570b5721eacf626c73d19911c87233bc80f	data/000283/meta.json
c6fdfe3445cb7a0e7e4f3aa9f8c60b063d9ef60cb2f7853cbe8850b995522b4c	data/000284/000284.sysml
c2f15fef3e6ff5d823034c53689b330db64fc2d5035abceb3f0d534a259cdb93	data/000284/000284.txt
f29930eb53a4fb7dca79f6bb66ece4937e8e7659b1cd40d8987d8e445488f54b	data/000284/meta.json
12ef0a89e9517df319e003d0c96423b44956347121fecd1e1dfd579d649ee4a0	data/000285/000285.sysml
8a5fa40474f017ddb610a3ffb0d6e915ea7d8b6eb72133f5d4b7818b4224b60b	data/000285/000285.txt
42029fc27ec5ef7409c7b2a1d6967a0a81524350c4f3132a4e8111de09bcd7f7	data/000285/meta.json
1d75d5befa8b0557b281c1823e381a87022b82ababc9a953506273dc85e30242	data/000286/000286.sysml
e3b476f3d536018225172e05d7b78e901cc836cace482c23be1c689ed0d4adb6	data/000286/000286.txt
166a66a77e01e51a36a28938da69df35523c8d6d35718805d173e854cc8e06ba	data/000286/meta.json
277629b114a64bc3c9ce5e094b7f816dcd0ad4ba955cde501cbb18fea7e3f838	data/000287/000287.sysml
c445f56f79f0ef8cbe75ba794705ad5fb7b1d8a712bf69acf13d0c8d16f39e53	data/000287/000287.txt
356b84ded547a1057467a1c3c77f420ab5b1a31279b0a1812e41595411acf488	data/000287/meta.json
b334fbc136f970fcbbc4f0113fe7872b0ec8878cf776ab7cca446f43d4e6503b	data/000288/000288.sysml
4e56f418da70ab66974452bd93ad0b47360726f1ac6a7d25e013dab8fdfa8682	data/000288/000288.txt
e7393f38cbf4f0d63c8d3f905a0606b5a5a9d5ce2fe98c8863bbb251a0c6004b	data/000288/meta.json
6f71246f2a3f71ebd88df71736d7dca89af0eac8a3e7db5ea7e7a1970a7f7fd6	data/000289/000289.sysml
b7a0c8a3abe3bec9731595ae2ea4dd44fec5fc237489b7d44f2c55fe1a6e6bbb	data/000289/000289.txt
5873a96df2d93272621e1894af182ff8de340a033c258543927f9433f002c56a	data/000289/meta.json
66f11d0475d46e5350dfaf0ecb3ee44018b1d5d279cba03aa04dd6a6a0a39e23	data/000290/000290.sysml
24c98d5ceb8a47d83934fd3772773593c62c558a2f9822586b045eab33cbf99a	data/000290/000290.txt
c858bea445fd758b6f8664fc535f7a1c37f7abe15f11f476941abb1aee8edb2f	data/000290/meta.json
389a50e3eaa384d4f8d823335dd8acdacbdd139c8053b34829bc559984629005	data/000291/000291.sysml
d35cf8da08369e269f020eb1c0cb2c0164b9a01e2b4dd334610fd2998cb39ab6	data/000291/000291.txt
ca98408504ae9b3075437c4e9a0b35c80cc66429c145df9911180457d05d42ac	data/000291/meta.json
411d0b517d29218084683305770b360ac72fa068adefd9e67f2a4f0a52abcfdc	data/000292/000292.sysml
98eda6efc17372c2678ee005d8ec86b22e0871ebaefafe79b4e94611edb1094a	data/000292/000292.txt
23241db752cc768139cc0ba8e7b2217a7bafdd1600949afa902b9f53c8caa575	data/000292/meta.json
ad96c5282470e30d859582560225a75091b7c8058c0b949608e9dd07c130b661	data/000293/000293.sysml
027a9973ec4903cd9194f1c69f6155ca814e0b8d1c8fd378764119bd5bc92db0	data/000293/000293.txt
8917a699fdf5d7c026f2bbb0ecd74f5cb2619d9e1857336d71d1ae6f3a5cf264	data/000293/meta.json
a2d39ed3e61477fde0273473a2c46d8eeb93ed81fcfdaeac5d48b9f942ac5403	data/000294/000294.sysml
f2d7ffad88b1d03a52109731e852606deebe09845942198fcfb56fbbdb16d3b7	data/000294/000294.txt
a7f4f3adc5c8bfb83634cd86cce9465eb2a7d1b1db6ba865d0ccb534d8d42e22	data/000294/meta.json
e15f573b486c8db592259380c87d34e44fc75c05a5579b24d0f376132f64632b	data/000295/000295.sysml
2a20f219395888c70ed3b012c057b0fc687fd46be969bd9539c9419b62084c86	data/000295/000295.txt
ec1a6e3c014552197e691f2142a2936a3173d2a546cb2512632a630700fc53b5	data/000295/meta.json
21f4b44f64212e7c4e5802b7d4deeaec26390fc7e4133be0793eee4f4d1c11aa	data/000296/000296.sysml
7ca315937b25609419459e35cddea362ff91ab938bfc333d13cc4a031ee8ee99	data/000296/000296.txt
3b4e7b10762970d9459a88bc558c3d9d198012656d08a7dfa914c0cb30c0a230	data/000296/meta.json
b7fa6baf2ee3e3c0708c2b5901abd0d51deeba8e61652909cac57069b4e06731	data/000297/000297.sysml
619b36065798ede3fe37c89b4108f331196056d73acbcfdabab1ee95d78d141b	data/000297/000297.txt
2944bafa0d7d8531b5352d5fcfd6a4f35eaad1dfc73209824f1ba8c1dada35aa	data/000297/meta.json
bb6c664cfe65dc298827c6cca8fc21941965db3a40a0412ba211cf6ff1cc254d	data/000298/000298.sysml
2ede324634140442ae584ec49a382e752940d6462da5a1a447ba65f58d29cf3e	data/000298/000298.txt
1b6d69403630a3b4e28e0b9144dfc98995fb0132a178c4fb11cd873c5fe40f24	data/000298/meta.json
f5c6da3be824a82a34482f00a3e43976787c03ea1d30cbda84b1be838c557876	data/000299/000299.sysml
3030b00dccff0bb3d13d265a25341e8184d925971393458826b6e88e2573d0e7	data/000299/000299.txt
1e791d6d82cbbb943a33a0614da1866346045af4192aded8ab871af85fec536f	data/000299/meta.json
ee4f0734fa5995f435ca9c6144f48e3b7a10d422372a71c4396bba2401c14a6e	data/000300/000300.sysml
4be158460512b7013815e59f9f7fa8957a95f61a055acde7d949c62d43d6ae25	data/000300/000300.txt
84dbcf5f2d52aa610ec798815a0f90f5a3e1e8b5abe62502fa5364b2b8679a5e	data/000300/meta.json
1114a2f3556e757676768d05de2fbf8b1804fde5892d68c976e111db81117fda	data/000301/000301.sysml
0d122e5bd5af73c5f1c829490f8edbcd1b29c1c7d94f383ecc250022453fbfe0	data/000301/000301.txt
331ae8861af97d395f9bc9ec59eb02ab2bf974b54d8cfe59715ee9582a051ecc	data/000301/meta.json
91ff456731559717295f3ad27e93a9b88787a264f1fa895fd4efec9632182557	data/000302/000302.sysml
46b4c07560a65147448f3e9340f356e6d2db34269a79f23cced285238e5ce89a	data/000302/000302.txt
0be6170eac43c8a069f23307580f648b9a80e00bb1783bb1a3bdcf49847697f3	data/000302/meta.json
ffd8c8667874fd31e36102eeb239923ab08463316a7b228376da282b9ca3c5be	data/000303/000303.sysml
c3c4149be8505f19f45f582c12c8c6ac3ce8dadf2bc6421543457026c92d585b	data/000303/000303.txt
ee7f61e4b76f9f826fcb100837fb10b41e4fdc4e93d44818ebe02a933bbf94d3	data/000303/meta.json
cc5dc730d2a7167e914431a6f12d0318f792a5c6e2a204a37df9ab33f5e98435	data/000304/000304.sysml
554f7fd22a6f865cdebdfedd1fc08cd1e4ed666b549b168a25146741afcb5e2f	data/000304/000304.txt
2cbf8c9a6f829af4203f624b21055419261dacbfe09f04a9c3f346ee56defbf3	data/000304/meta.json
c35c40236af5dacc75f5a0882da4244d4bb8551ebe0c8df4218c9e302e75d64d	data/000305/000305.sysml
faff1b2b6ce50c4bcc6bd82f52f955a93eda4878adca90d8aebe75f37194ae1c	data/000305/000305.txt
edbdd94167b0adb90da67c79ad7bdbbe72445483c5939fc9710ca13c97bfe9a4	data/000305/meta.json
a6727de0079ffc45ccd020ba44e7202a9e59c4d148a9df8193037fee6da7711a	data/000306/000306.sysml
d035a05322981914a73401e50e2e1525dca5a54acdec916bbc2ace6938a503ac	data/000306/000306.txt
a0cae73cd213e0b6b229bdba1b1306f37931177e8fbcefd5dbd61f8395af8345	data/000306/meta.json
a0896bd6adf713243bd0009b3f09ea451a3e31cb772622b05f89a5404c229984	data/000307/000307.sysml
ff23f9583cd23662c5358baf7ee0e42fde0a2b9cf8989f3f01a2b43025545dd5	data/000307/000307.txt
154595360d4d24fddf6f57c6391842c1841164f2f630251ea0ed1b472e62873c	data/000307/meta.json
3517d4c9a31dc4e0fb4a6900d7a2c03d4dec3fba410fa04085bfb995adb2fae7	data/000308/000308.sysml
c7924e32083e515ab2e1f6920b72846a0e6bdedc7e584d92b81e8647e0a68133	data/000308/000308.txt
95c8dc094f380b56d85851268281cb2347bfb98483da0efb21648516af113b24	data/000308/meta.json
7b9e1e1b55e9b46556f822451515a6918d24cf61b018b01757cdad18c6856604	data/000309/000309.sysml
a7d5998f24a6d51ccdcaca3bd93b4c4422547fec3ce270a4ba1ae3921efdb973	data/000309/000309.txt
8b8293c73eae1b9317a392cbf36742577126ab9f7d743fd7156a49149939057a	data/000309/meta.json
a768a75b90bcae08d35662465331e96a7c785f4bf1df107663a2a6865604d643	data/000310/000310.sysml
a14aa1a726105ae2784baa2772289573b3a80fabb64e827edacf71fd02bc3650	data/000310/000310.txt
76e18222c5152741ce05ad8396029b01a6f572b52811502752ceb4805d2727c2	data/000310/meta.json
eb60fe410815a67f24cddcef0e5562479fa1faea8347e7a7199478a6fc559c5b	data/000311/000311.sysml
b536f06bdbee3c84f77716747eac6f27bfa035a4ba7badcea1480e86224256db	data/000311/000311.txt
319d35185688dde3a0296dd818796cff609e2e4523516f8a9f60d7dbaafe9641	data/000311/meta.json
47946e32f30110661ab586de2f851841d1fad0b35381e510c1eaabba039ecc39	data/000312/000312.sysml
704e3b6c43494a33809a706ce7c1306b9ef461c9bcb05bcd1c6432f158044c11	data/000312/000312.txt
f74a43a8dabebbd22c6081348d44411a51ab5195d33fe242e5b29f66d38c587c	data/000312/meta.json
37ff9990c0b9485dd0e0c901be3bb979a62d22b4598b7b9007e746f4b24c8c3b	data/000313/000313.sysml
13ea2ea2ab7ea461c88416a745cce86c13a81e5cc6000b9e4756b077ac92278e	data/000313/000313.txt
731d982ac0080356e5fe01cd181ebe80e43d6254107a9c927ee326f73b595e0a	data/000313/meta.json
51e15d389f3836df3782f87d6450a1d6a8ac08dfd9a2cfddef338ae56dd688dc	data/000314/000314.sysml
12e1980defa9ec6756f7c691a9d65a65e9b421aa253726fd5770eea547308fec	data/000314/000314.txt
6762f88149354401930b94a8f667333fff9b555ab7bc37dbbb89f7a5386eafb8	data/000314/meta.json
32d25b13e96487f771b293ab8e9ca82a39ccd8da6553d944900ba3b500323bb8	data/000315/000315.sysml
f9d3632eb0c8cb278a317f2f0a715b506fc720b7ca9b9ff16c044ac36f1c4bd9	data/000315/000315.txt
1d3887172cec91f4f7f3e06a9bbc6ec7fa166369a17a2a851585ddf567e79292	data/000315/meta.json
6e59653fe439e721f707e00bc25f3843b4973180194eaf5d826b7e283600cd45	data/000316/000316.sysml
bacbec965bcf4854f26e1cdc5f82bbabf2e8aea5735951b1c26b4291a06f28e3	data/000316/000316.txt
4e0f160a90583e389972257f1cba92b0559c683dd230eced51c26a24c616cb6b	data/000316/meta.json
64e533c978cb73b29f0315e513af49f7ae488c1aa3c712cbf9443d9e07d009b4	data/000317/000317.sysml
bea70ecd6d23146325b878dc479c9e4d4c44c4ca8b181c3301a09080a0026c53	data/000317/000317.txt
01723a31b753feb1284c85cf2a371522b9d72c87d9377f1a99386b21e8e54872	data/000317/meta.json
8fa533350656ac42f9ce3e9a4068ec1251d54e074af08109cdafc47ac0b24288	data/000318/000318.sysml
4118fd2570937444ac69a89c6db0513153ed28f06a340fea2d704d3ceda4e412	data/000318/000318.txt
0622e206ec4f1fc39563c5986cbb78f8c329513d6d0b9f3316f12880501c6fe3	data/000318/meta.json
90e604fcda40f8ec920114a457097cb2fed6d898d422c80277b4c8e9c3e70638	data/000319/000319.sysml
4753d553aa5d0c7d032bcd46bc0efc8338178c4a96486a7eec760dc1f2f6cbc6	data/000319/000319.txt
150cfab74d15bc61dd009163553035c02e90a20752d519fb9618945ccbf64768	data/000319/meta.json
14ed9efbf9b8b23dd4e552cc77fae41e747264e55f4121d5e26bc2252807f417	data/000320/000320.sysml
95462c6554846b6c3f95e111e9e5c5a3ffb311e255fc865cc93647561771d2bc	data/000320/000320.txt
a1f0d78d577f675df62e5e7eb8c357198d42b66d11e017d8ea9d1651ec70f1b1	data/000320/meta.json
445be257b48cf6b4a00e26067138562e857ca44fcdabaa71f9d47ed883eeadde	data/000321/000321.sysml
519fd7847f86c90fca040b750d1e05f128081e240314fe5f1ef2ce04a2a97d69	data/000321/000321.txt
37eb55a7130551a2b6561d7a80c2dc4aa7775cfdddc2e3b45ce3e1d18f24bab9	data/000321/meta.json
aa5adac4685322aca75a9a144fbe5dc10f34ca4324e07393eb8ebfd324b34597	data/000322/000322.sysml
58442f711ee65da51564bf53638059150574d7adfab1d1d6d03ddde9a5e0165c	data/000322/000322.txt
3cf957570f24b5cda915091372198bdfc2607bb5d043306962790bedd42d367f	data/000322/meta.json
613f1b55f94725a393cd0f753867452d68a4386721ee0356e2cc727950f305b0	data/000323/000323.sysml
c3f9caa814414b405c6f65350e57d85d22a75425677182c580f13e760afa0da2	data/000323/000323.txt
4a9c9ab380f8972a4c43989ae5afedc33a18f143714954b10351f7b083d1e624	data/000323/meta.json
40e8b13458c120bfa4f9a4059bfc4982ef959815e8580a6ac7f113bed36f55fc	data/000324/000324.sysml
7afbe1d2a2b48dff6050d65e7a0339d02cf7b7f2831a148c6619af9d9ba9551a	data/000324/000324.txt
96f635cc5349e44e028faef299a098b859d24cd64ae18afc8b40705caa75de81	data/000324/meta.json
ee5bed2b7ad17e5c7505e6761d164e14de3d041d97e4bffc005853a130e09a20	data/000325/000325.sysml
1b5d39dcdacef54193daa5518e309ea05b0fb014dfe551e10029d3437f6cbfef	data/000325/000325.txt
79f42cc78f5facb2a1220d88e1689b8100ace2966d99c533ca0e7b09282d84c1	data/000325/meta.json
b11b8f38c2eff529e5b9a77677a4908153e3e174b3750e97428aa87336b905e7	data/000326/000326.sysml
1e54d9b55fb9d78c446c024b0bccdad30f319a35c88d40eeb6d52bc102c5bd07	data/000326/000326.txt
316cd62872b4c7f357fc4e07a82a9ae962404f0a02d216618d2fbb92e42128e0	data/000326/meta.json
0ad900a4c25d88eb96da3d57e365f6c38cd87019bcaac5ab91eee9523b5f0ed1	data/000327/000327.sysml
524a8af1bf2b6f6ade168205d75a973e874902e1a5161887090e282adda88736	data/000327/000327.txt
fedb9d6c82796cf2d0db8b8a9b86b5f537ae10502612dd88bc60e05b9f8569b7	data/000327/meta.json
2bb88f61178f2cefd5441600d2d980ed1e1a4ffc5cb7b3ca9207edee5c350f87	data/000328/000328.sysml
947cd264ef8e91f3fba5b319939f47a2aecc067fabbd81e66485d86cc2edbb06	data/000328/000328.txt
ebb5201ee2f09a5d92fc0fe7e14865f2700ecec1b02d01ac499a890392029bf7	data/000328/meta.json
0ff9b0acc3f0a7bd68fefe6b110e9136f1911d0c483741804c3b8ca07f5f538d	data/000329/000329.sysml
653e1abdef9f0878880ffc0a7509347c2df8b014a27f6dac1ab52ff736a9c6ac	data/000329/000329.txt
92c947344f6cb200a5eb5a166fec61c2b81fac0d318f497e948369250c3fa0b3	data/000329/meta.json
19f5c2ac553c0a034550292de6bfa601e6948fc81d5af781b59c940eee2e5f72	data/000330/000330.sysml
ba19c6b0e582af590281d12809973a4a2cd95e7e36878b96694089bacbbae416	data/000330/000330.txt
f9b3eaa9775e1677a14661c3c81b25cda9fa95537ff1d1c22478850f4d6b557d	data/000330/meta.json
2c4c0cbaaa466f9f720ba69af3a019517ca0a7741a561f7880006bae946bf24f	data/000331/000331.sysml
1cbff3f58f069024a6910dfed7272352cc2cac16e47e5dd978388eb3e7e9a3a4	data/000331/000331.txt
af85eacec08eb86adde6feb965ffd1326a9941213cc69bc5bc44e6f6862f01ed	data/000331/meta.json
7303b68d46ee3115e26efbd22d209640cd0f81a71b4c0f0f46f011011153b1c6	data/000332/000332.sysml
9910565369bc6c226aac6f2ae5391e9bd8985705f62ce0c669bdd15ebafb5e64	data/000332/000332.txt
c24677307d20e8c9fc92755942138a70387ab3a3f2f75d8b574b75ecfa1bddd7	data/000332/meta.json
84dd65984abd0c35c37b75ef5766bfa63c836aa75a1c75a9d3eb5f4230fa8fdd	data/000333/000333.sysml
935ab7eff95dd18b1c270a21176b4ae612ce150564e3d4b93a2090746d3c060e	data/000333/000333.txt
2de439b3ce3336bbba8c868d6ba43907051418ecca44714818686b539a9b6cc8	data/000333/meta.json
191a741036cdffddef310d8abbf10cf622724ca837d3e33953df95664890de41	data/000334/000334.sysml
fdd7bee3396ea41bfa424ee3b9f4a32f11ea82288fe42bd52b201c587eee829b	data/000334/000334.txt
b6a00dec955865e05cf87129eeedb37958d525ddaa0aada18deceefc0705424c	data/000334/meta.json
62b5c3c2bc3960e8d25633231c3933a81e422b3a904dc9541b8787113d076c66	data/000335/000335.sysml
a0b32918756164b849d7ce6adb175d9856f71251426c4deb6d3a6229aa1d9a6d	data/000335/000335.txt
784b41c0d60fd5057e50b973489236d1599b932c10bdb5ada2a7719b11177905	data/000335/meta.json
5a3b2c2d2eb3104186a5e200c40647d1d798685a62db0301ce4ca361651015b7	data/000336/000336.sysml
61e027da47a3c26d2229b026b90a9077bb78b17295e56fb153f01277fe2ca899	data/000336/000336.txt
e4d653a9f40ad00c8268107e89b4c2d78de1bbea356b2f34f19c9d5aedbb05cc	data/000336/meta.json
c86a68a1b7f8f33f287d812780d2446021aeefb3284f28b9c10dfe2b1a13ded6	data/000337/000337.sysml
e9d878cd45ead9dbf4540a813ac76529c83c48087e0c81ec174348451456c71d	data/000337/000337.txt
db86e4e381ce3bc7faadf3766fcba3b34a6ac6f818ef15341d383d8e85110457	data/000337/meta.json
a22b926a7bbdcda20149200a61fd41c9f1e3924c8929ef7d68db529fb8e7bf51	data/000338/000338.sysml
6ea79bf3d9ccc0a45a64517090ac3ae69c5972418f2e9ff36b8faf3a308c4820	data/000338/000338.txt
be802978e286421796bee41f62f7e06b3a21691a4ee3d246c9d7a7db85ee16a4	data/000338/meta.json
febd6617c3bb9d0f93c77722b98874d89b4973f7b93ee88509097b2e80bc6995	data/000339/000339.sysml
424c69c67bdd0da1cc291eebfe8044c442c4874462aa041c85f4d0f0b444b2c3	data/000339/000339.txt
0ec802d8a951c13e279962d662b0d7223cefb70a9e37d2e582e4d97dcaa0f003	data/000339/meta.json
c436a8fe2959b380ee3d8ae7c1c206311aa9c1215d13800b215f9952e1216632	data/000340/000340.sysml
f32c1fac383fac43d5315ef8c9080e16ada92af7d8e1c3dbdf2dcaff36c225d5	data/000340/000340.txt
c96444990adb076c19e868579091b2cfefb0103a8b88c259fad4970531e70ffe	data/000340/meta.json
b29882b0240e3cc2721b66c6bc9fd1d2d2431a34e80e170cd465911ff8d833a5	data/000341/000341.sysml
789fc4f0e0d959851e73f1c3278e17760208ae5794c955264cd8487ceca5236f	data/000341/000341.txt
8c79eefd299004a4c8e527c2fd90b63e65b1cb23d30e8bf89db60a8288f56326	data/000341/meta.json
1a84e28d41a8d76ff1cbce81312257dac97b47bcd545c31f8a34f73098ac13bc	data/000342/000342.sysml
a90351d3656ba09ceb652293e2181666a566f6e0ca51f42c026b4b3f2c905523	data/000342/000342.txt
86b0089c3cfbb0bfaa73ac773a0ef0d98cd4d9a37a8e5058cfd8cb4dd2166080	data/000342/meta.json
b9fce515ae13620ef15371aca7ca17d1b6b3c7444f498be392e5ceec9b6d8385	data/000343/000343.sysml
f366d67155891ebbe26a866aba0a94f0c361fc1c7a314e31857262eb2c469680	data/000343/000343.txt
5991663432ea9729f91cd42ec85bf5eb299b2c014c782ff2eef550e1315ba3bd	data/000343/meta.json
242e51944c32032215d76a9ff1fd967d8ba36efffd9d78da1c423a5b102a2cf6	data/000344/000344.sysml
f1fa81725484347d36637f27d0fc51cc8d4f5479bfedc9ef41b3b4b8f289bd47	data/000344/000344.txt
ee9dc7f372cddf2ddc5035eebcaf6e31c96e7e79641ec05f0314134c9c086a5d	data/000344/meta.json
dbee7255e16df9c5cf0bded96c43cb60b1e5026b6973c5fb1176316902ac47b9	data/000345/000345.sysml
b52e957dfdae7e926725e130ef13ca41dbde58b2e328a664eb96caa5638be3b2	data/000345/000345.txt
56bf1a8c781f37a3ec0b2df6cb1ce5d796abb2f6c52ed6b9d377f4bd8cc47484	data/000345/meta.json
0bcf10afd49dd09c8c64844da97fc4c01a4a35fefd4e4a179a8bc0a8a261c8a8	data/000346/000346.sysml
3c31cbed984471832215faf8680b1d7c106f0e2a35ed9912245a8ff7eb74b9ae	data/000346/000346.txt
ef9ab43ff30587747f373404692594733a666bf44ca3e998bc3324b754908b12	data/000346/meta.json
93e29ecc92b68fdbeadff39b3542be8d76111f3cb127a16f78d371f515bb6c2f	data/000347/000347.sysml
fb64df4220704f50a9d5023f8f3d545b05fb567ad64fb5672ee7de99a3ae2a4b	data/000347/000347.txt
c633698c08cb2a68dab60af6d60bc4a91791d15b2260924d2aee988be405a144	data/000347/meta.json
e6412f0097d4e038d47e85ada954096200b21b6c30fee2a05cd930c7e0967f42	data/000348/000348.sysml
d93d925bc5db96962e32482566788742a545900a54fabebbe06f47ed66afd6f1	data/000348/000348.txt
df16d527ca6df9981e4ec83a93114aab38b1c8dac490ce69f13bd822ed5cbd76	data/000348/meta.json
92cbf76e28fe0112a6c0a7797aaaec2ee8c1dd1b9576f33d27091bbdb2e63e69	data/000349/000349.sysml
46b4c07560a65147448f3e9340f356e6d2db34269a79f23cced285238e5ce89a	data/000349/000349.txt
cb2c286fd13fb583534e2e098a36db36d7c87aac24ac646ca647b36f8928fb42	data/000349/meta.json
5c75e97d093df7c581d4a46aa684f4e65d0c0db5241e87310f7df659066cb9c0	data/000350/000350.sysml
c3c4149be8505f19f45f582c12c8c6ac3ce8dadf2bc6421543457026c92d585b	data/000350/000350.txt
d4d5d7793734159dff9916184edc39350d8d8f7d52497d7ec459224c04be9958	data/000350/meta.json
67a4b90afcc4101b49cc4fa8ad1d4e757d954f09fa610cc0e9cb774454fc2d8c	data/000351/000351.sysml
554f7fd22a6f865cdebdfedd1fc08cd1e4ed666b549b168a25146741afcb5e2f	data/000351/000351.txt
70754dfbe111d2af6f05289527bc82c4efe0069c3403ee9ad9040f9b90a3fe54	data/000351/meta.json
1def422596f017179fd0b921a646703c9b184182da7a896f5754a7f6088c2d51	data/000352/000352.sysml
faff1b2b6ce50c4bcc6bd82f52f955a93eda4878adca90d8aebe75f37194ae1c	data/000352/000352.txt
6c9d2ed30ec3c46185102b889c9911c5574232082301053e37ad3fada6f16c74	data/000352/meta.json
534a6a699eece3cf5a7b3561247ee96fa95ba8a3f528fac7f8fe9cc89a702767	data/000353/000353.sysml
d035a05322981914a73401e50e2e1525dca5a54acdec916bbc2ace6938a503ac	data/000353/000353.txt
3351513af4d38ce64ca501e2f74ca7e5199c8f7ec9de7114f353824bd48325fc	data/000353/meta.json
68be3b3cc69bc69c768ae6324cf6298eb32b98eb529b17f224a88c39cb3f4cde	data/000354/000354.sysml
ff23f9583cd23662c5358baf7ee0e42fde0a2b9cf8989f3f01a2b43025545dd5	data/000354/000354.txt
da36e41d9fe1e8b4db364bac912ef083240a5a287dcc6ffee06c642188160249	data/000354/meta.json
5ea5e21246a880259083334ddb9de91f7987e63b6978512a7a64f8cc0a56dc3f	data/000355/000355.sysml
c7924e32083e515ab2e1f6920b72846a0e6bdedc7e584d92b81e8647e0a68133	data/000355/000355.txt
7b4541772202345becf4693186f1bd883861a3e2f5fdd3d01742bc634c37fd38	data/000355/meta.json
10b7ccdb21ff5e9d7bdc26026fa5ed8d98719c4d48f526353539b0f7005aab40	data/000356/000356.sysml
a7d5998f24a6d51ccdcaca3bd93b4c4422547fec3ce270a4ba1ae3921efdb973	data/000356/000356.txt
48e7adb079def89dd746a273f1d8b6c44d5990bbb79e9910e1d877d8027e63e9	data/000356/meta.json
435757cc4b067ed834c9afad37d104475a42286fb9e3205db1c2d680d3f6a179	data/000357/000357.sysml
a14aa1a726105ae2784baa2772289573b3a80fabb64e827edacf71fd02bc3650	data/000357/000357.txt
ff60993989f15bc92b1c23a416f8f1ab4d286e282a0ae1b371dfe225493b5f02	data/000357/meta.json
739730491f79d7fb4585b45f9e49224a79df79206273e284ee712b2c6e2aca9a	data/000358/000358.sysml
b536f06bdbee3c84f77716747eac6f27bfa035a4ba7badcea1480e86224256db	data/000358/000358.txt
1ef6bbdabfa27cfcc4205b7bb5faa0f352d74a28c6fceb8967a645f384e23125	data/000358/meta.json
386d62729410be7ffe43896bcd24397acf585dfd33646c315bd0903704acd31c	data/000359/000359.sysml
704e3b6c43494a33809a706ce7c1306b9ef461c9bcb05bcd1c6432f158044c11	data/000359/000359.txt
f0d72f4fbbe5fb42a33c8999386a00a7d70015dcb280a2598bad161230174e2e	data/000359/meta.json
9002450c65b7e2f7525171d3bb41bb16bcacc44ed58a74c5f4d623de9fc61279	data/000360/000360.sysml
13ea2ea2ab7ea461c88416a745cce86c13a81e5cc6000b9e4756b077ac92278e	data/000360/000360.txt
da8552f8d5b959c1e193ee83be42f758cf1943ca271b6571fefa04895b530c75	data/000360/meta.json
9612a4e2527aa4d96aa312fd65db4d5991c8496671e4a508b1ff639491236fa1	data/000361/000361.sysml
4118fd2570937444ac69a89c6db0513153ed28f06a340fea2d704d3ceda4e412	data/000361/000361.txt
068397da871f101a4913fa144757061165dd913e1b937f298b0e15c4856a87fb	data/000361/meta.json
9f511ab02acb8de754918734e28772eb0c6c595ce0c26e431d5bd880e1115259	data/000362/000362.sysml
4753d553aa5d0c7d032bcd46bc0efc8338178c4a96486a7eec760dc1f2f6cbc6	data/000362/000362.txt
dd988874bb994a68bd4096caa04d236ff8bff1c94feb6333942e97cfe63d79da	data/000362/meta.json
3eccdf7b5bb85d82698bebb2f8d13d69efb58081aabe65d00b82bbf65ec2281a	data/000363/000363.sysml
58442f711ee65da51564bf53638059150574d7adfab1d1d6d03ddde9a5e0165c	data/000363/000363.txt
32dc24ea384337c089ae3ca844f6028d7fd5b3c5676e56fd4a501b613fa30f51	data/000363/meta.json
91ff456731559717295f3ad27e93a9b88787a264f1fa895fd4efec9632182557	data/000364/000364.sysml
46b4c07560a65147448f3e9340f356e6d2db34269a79f23cced285238e5ce89a	data/000364/000364.txt
56ef17016d129d718e6555143a81bcee376d42eeae2cb1a38471808a43172191	data/000364/meta.json
ffd8c8667874fd31e36102eeb239923ab08463316a7b228376da282b9ca3c5be	data/000365/000365.sysml
c3c4149be8505f19f45f582c12c8c6ac3ce8dadf2bc6421543457026c92d585b	data/000365/000365.txt
76fa0275fb905311376039c0c0b0ce0f328484ac78649ab572e75826fce385a2	data/000365/meta.json
cc5dc730d2a7167e914431a6f12d0318f792a5c6e2a204a37df9ab33f5e98435	data/000366/000366.sysml
554f7fd22a6f865cdebdfedd1fc08cd1e4ed666b549b168a25146741afcb5e2f	data/000366/000366.txt
c2f1c83d5807ab3753a460407916b306d7aa1d7ecde1ae179ef131fa771654cc	data/000366/meta.json
c35c40236af5dacc75f5a0882da4244d4bb8551ebe0c8df4218c9e302e75d64d	data/000367/000367.sysml
faff1b2b6ce50c4bcc6bd82f52f955a93eda4878adca90d8aebe75f37194ae1c	data/000367/000367.txt
303456e9d94d9871ff9a359d0a899981b4b82f2b0e8c2d2ac534e28685c50439	data/000367/meta.json
a6727de0079ffc45ccd020ba44e7202a9e59c4d148a9df8193037fee6da7711a	data/000368/000368.sysml
d035a05322981914a73401e50e2e1525dca5a54acdec916bbc2ace6938a503ac	data/000368/000368.txt
6dc217c7bd612abed57ae1f9279827c61bdccf696febf1dee5ab97b496b933dc	data/000368/meta.json
a0896bd6adf713243bd0009b3f09ea451a3e31cb772622b05f89a5404c229984	data/000369/000369.sysml
ff23f9583cd23662c5358baf7ee0e42fde0a2b9cf8989f3f01a2b43025545dd5	data/000369/000369.txt
f488076a1c773f20320296ab4c186ba061e777f0de2133c1eb6a1747d8449009	data/000369/meta.json
3517d4c9a31dc4e0fb4a6900d7a2c03d4dec3fba410fa04085bfb995adb2fae7	data/000370/000370.sysml
c7924e32083e515ab2e1f6920b72846a0e6bdedc7e584d92b81e8647e0a68133	data/000370/000370.txt
533e579f3dcc07055e2fd3a318d8e27291cd71ccd099bb19cc9ea1c2f9fa4b52	data/000370/meta.json
7b9e1e1b55e9b46556f822451515a6918d24cf61b018b01757cdad18c6856604	data/000371/000371.sysml
a7d5998f24a6d51ccdcaca3bd93b4c4422547fec3ce270a4ba1ae3921efdb973	data/000371/000371.txt
326b3ff6a90d82fbc6fb2b33cb9f9eff69d4bdbf5b6dc2b9a557db672a4d8681	data/000371/meta.json
a768a75b90bcae08d35662465331e96a7c785f4bf1df107663a2a6865604d643	data/000372/000372.sysml
a14aa1a726105ae2784baa2772289573b3a80fabb64e827edacf71fd02bc3650	data/000372/000372.txt
904ed3a4b51f95ccdc7aebf8b858b642dd467a395c2504b426134dcc80cab53a	data/000372/meta.json
eb60fe410815a67f24cddcef0e5562479fa1faea8347e7a7199478a6fc559c5b	data/000373/000373.sysml
b536f06bdbee3c84f77716747eac6f27bfa035a4ba7badcea1480e86224256db	data/000373/000373.txt
f74c3d99bec1a39a2519a535c4e53f642d0ed5a2d10560c41a3cad17d0fc9ed0	data/000373/meta.json
db784cefdcf7f4dab4753d92857d0e1dba418914116448b29021cb15be8f5b78	data/000374/000374.sysml
704e3b6c43494a33809a706ce7c1306b9ef461c9bcb05bcd1c6432f158044c11	data/000374/000374.txt
fc5a37e85b3ea66d299d91d4b4b1b22c6e180f9ae43ff868063a268692c1e932	data/000374/meta.json
37ff9990c0b9485dd0e0c901be3bb979a62d22b4598b7b9007e746f4b24c8c3b	data/000375/000375.sysml
13ea2ea2ab7ea461c88416a745cce86c13a81e5cc6000b9e4756b077ac92278e	data/000375/000375.txt
8f0624b71c18f37d127cf3890cac3f28543fcdf8e5b684f9aa172ea032cb2393	data/000375/meta.json
d965be6041f77300eb9effc8c0c33d655d5d58c57984b81bf83ce5e0c88232d7	data/000376/000376.sysml
266c9653a527a94419b34a80d2407875ef876d64f00654260570311d2baf32b7	data/000376/000376.txt
5e636a2d03a29fd87726fc8539610662de293473ba640ca7e974078a02de11d9	data/000376/meta.json
4330121e6c7666cec88747e15ada51d9dfce57dbc133e2866688fd6ac2fcbb04	data/000377/000377.sysml
87074ee1f0c9c7cb5c714aafcf4e22f088f0d36a81bb48414afe5bf9522fcb41	data/000377/000377.txt
e3332a8ec004f26b5998c6f54eca50c4d2482dd118e90929831c441222b27fa1	data/000377/meta.json
c6703e82203e41936007bf4862b1382993ac61b5d7833683f85a266ee14aa607	data/000378/000378.sysml
7f043eb47ca65af460a1fa9e56bf67c3f48266ff38255ecf4ba18a65d8f69dc5	data/000378/000378.txt
59c11d1eeff6d8aa5e613a101692437e36fe9183d0a6ac176dd030170126f0aa	data/000378/meta.json
52edce8a94cbc6d646234ad2e974fa10222b4a7640e18d6d7a7537265498f8be	data/000379/000379.sysml
063d78d1fd985278706dd0645466990b23d20aa8f5348f2c97a98b8a16613df9	data/000379/000379.txt
9188884da302a8a613c6a6e356449224f791f1284a08bda5912a33d789f41605	data/000379/meta.json
7085b48c1aeba9b4d897e184210b309aae15ecfe2dc622e3d13c322fccc18031	data/000380/000380.sysml
8475c846d6220e62f7bfc89dd0ec3b0b434818acb951d38b12b4521d902f00de	data/000380/000380.txt
56bafdbc507e10ae990be701e39c1289f49f8fa1fd6f9f0b0a34f2db4fe737bf	data/000380/meta.json
1243fadb184c98736fe3ea1738fe7b591f2f67ae30242f10388793cfe1422837	data/000381/000381.sysml
ef9f8a4ecd226c1c9e2b2a81a8d1c3574ff9530012a00c63ebf9b3254717e01e	data/000381/000381.txt
872c175aa60f0fa21312e5656bf818aff83b317da2d8084122cae83808babcdb	data/000381/meta.json
c5fa22abd3dc90ed0bcd71571f79e1aa1f980adc67b0e83c731ad951031ac12e	data/000382/000382.sysml
8c864c727902c7379b7f4a7b9a4aa860d4266eb6dbadda85f60a0132167297a7	data/000382/000382.txt
d830bd84b82e11b96d474c26fd018e64f91dc7e2028e189c5aed7e43c628e72f	data/000382/meta.json
5e99387b9a8c16e2b72cf46d709aff3c3a6012f0edd34372cbfe110dd86a2816	data/000383/000383.sysml
42d451a05e48c92e9b594e9cb4d426511e51bd5515e3f586c413bc4251a3704d	data/000383/000383.txt
366086f7a2846a1851fd7130438d820e7243e949b5e8e8647db89d39b607ebf2	data/000383/meta.json
7f9198069e1d44b863ecc584614572cb5080243e8a61f2808aaba9c1e2b2135f	data/000384/000384.sysml
0b23e4a8b4f0d719901a1508e43f693b4dc9881d2a63295f9bb12c833a8c5980	data/000384/000384.txt
2720521829225a6c51aa005339824849bfadfd5de0a839f477a47696e59c3c1a	data/000384/meta.json
ec9b0baec9bf0a11f32afa65d6adeb65e7f52bce72c7097e206ad00b258fb60a	data/000385/000385.sysml
205753f328e15289c0f15657e9964f04f084ca5ba4bf4a1b559ae0e0fe769ca6	data/000385/000385.txt
f8f8cad49bc1e0ba3946f4f2a962081cb2fb879866afa7f712e8b47eb74f871e	data/000385/meta.json
82a1a4c2eda670e263a9d86bf36f0f9707d2e53ae72e23422d75425f43d2d32f	data/000386/000386.sysml
7e0a65cb356e44447e356ec48cc0dbc77826b3a4c74393d11e887b6f65b21a24	data/000386/000386.txt
3173a0099322a297c1904d3c99ede3b10a7aeba040215103446fed88c1eecb52	data/000386/meta.json
