id,description,domain,source_title,provenance
U1,"Create an ERC20-style token contract named SimpleToken with a fixed supply minted to the deployer, transfer and approve/transferFrom, and Transfer/Approval events.",token,ERC20 token,seed-sample
U2,Design an Escrow contract holding funds for a buyer and seller with an arbiter that can release funds to the seller or refund the buyer.,payments,Escrow,seed-sample
U3,Model a Voting contract where an owner registers proposals and whitelisted voters cast one vote each; expose the winning proposal.,governance,Voting,seed-sample
U4,Create a MultiSigWallet requiring M-of-N owner confirmations before executing a queued transaction.,wallet,Multisig wallet,seed-sample
U5,Specify a Crowdsale contract that sells tokens at a fixed rate during a time window and forwards raised ETH to a wallet.,defi,Crowdsale,seed-sample
U6,Outline a lending protocol based on Kasu and describe its core behavior at a high level.,lending,Kasu,defillama-harvest
U7,Model a token launchpad contract based on Roll Fun and describe its main flows at a high level.,launchpad,Roll Fun,defillama-harvest
U8,Outline an on-chain game contract based on Cattos and describe its core behavior at a high level.,gaming,Cattos,defillama-harvest
U9,Model a token launchpad contract based on token.select and describe its core mechanism at a high level.,launchpad,token.select,defillama-harvest
U10,Outline a derivatives contract based on Monday Trade Perps and describe its core behavior at a high level.,derivatives,Monday Trade Perps,defillama-harvest
U11,Model an on-chain game contract based on BCraft and describe its primary function at a high level.,gaming,BCraft,defillama-harvest
U12,Outline a token launchpad contract based on PerpMe and describe its core behavior at a high level.,launchpad,PerpMe,defillama-harvest
U13,Create a lending protocol based on 40 Acres and describe its core behavior at a high level.,lending,40 Acres,defillama-harvest
U14,Create a stablecoin contract based on KronosDAO and describe its primary function at a high level.,stablecoin,KronosDAO,defillama-harvest
U15,Create a cross-chain bridge contract based on Cronos zkEVM Bridge and describe its primary function at a high level.,bridge,Cronos zkEVM Bridge,defillama-harvest
U16,Design an on-chain game contract based on R-Planet and describe its core mechanism at a high level.,gaming,R-Planet,defillama-harvest
U17,Design a derivatives contract based on Wrap Protocol and describe its core mechanism at a high level.,derivatives,Wrap Protocol,defillama-harvest
U18,Design a token locking contract based on CryptEx Locker and describe its core behavior at a high level.,security,CryptEx Locker,defillama-harvest
U19,Specify a payments contract based on Peer and describe its core behavior at a high level.,payments,Peer,defillama-harvest
U20,Outline a lending protocol based on TermMax and describe its main flows at a high level.,lending,TermMax,defillama-harvest
U21,Create a real-world asset tokenization contract based on MatrixDock STBT and describe its core mechanism at a high level.,rwa,MatrixDock STBT,defillama-harvest
U22,Model a yield strategy contract based on Mezo Vaults and describe its primary function at a high level.,yield,Mezo Vaults,defillama-harvest
U23,Outline a prediction market contract based on CroVegas and describe its primary function at a high level.,prediction,CroVegas,defillama-harvest
U24,Specify a stablecoin contract based on Beratlas Finance and describe its core mechanism at a high level.,stablecoin,Beratlas Finance,defillama-harvest
U25,Create a staking contract based on Bedrock uniETH and describe its main flows at a high level.,staking,Bedrock uniETH,defillama-harvest
U26,Design a stablecoin contract based on Gamblefi and describe its main flows at a high level.,stablecoin,Gamblefi,defillama-harvest
U27,Define a lending protocol based on Zest V2 and describe its primary function at a high level.,lending,Zest V2,defillama-harvest
U28,Design a lending protocol based on Cooler Loans and describe its core behavior at a high level.,lending,Cooler Loans,defillama-harvest
U29,Design a token launchpad contract based on moonthat and describe its primary function at a high level.,launchpad,moonthat,defillama-harvest
U30,Design a token launchpad contract based on Rise.rich and describe its main flows at a high level.,launchpad,Rise.rich,defillama-harvest
U31,Specify a stablecoin contract based on Poseidollar and describe its core behavior at a high level.,stablecoin,Poseidollar,defillama-harvest
U32,Specify a cross-chain bridge contract based on Circle Gateway and describe its core behavior at a high level.,bridge,Circle Gateway,defillama-harvest
U33,Define a governance contract based on Almanak and describe its primary function at a high level.,governance,Almanak,defillama-harvest
U34,Define an on-chain game contract based on Pixie Chess and describe its core behavior at a high level.,gaming,Pixie Chess,defillama-harvest
U35,Model a lending protocol based on Hydration Lending and describe its primary function at a high level.,lending,Hydration Lending,defillama-harvest
U36,Outline an on-chain game contract based on Bloom Trading Bot and describe its core mechanism at a high level.,gaming,Bloom Trading Bot,defillama-harvest
U37,Define a prediction market contract based on Belief Market and describe its core behavior at a high level.,prediction,Belief Market,defillama-harvest
U38,Outline a governance contract based on Snowbl Capital and describe its primary function at a high level.,governance,Snowbl Capital,defillama-harvest
U39,Specify a cross-chain bridge contract based on Morph Bridge and describe its core mechanism at a high level.,bridge,Morph Bridge,defillama-harvest
U40,Outline a prediction market contract based on Polkamarkets and describe its core behavior at a high level.,prediction,Polkamarkets,defillama-harvest
U41,Model a token launchpad contract based on basedbid and describe its core behavior at a high level.,launchpad,basedbid,defillama-harvest
U42,Model a lending protocol based on EtherFi Borrowing Market and describe its main flows at a high level.,lending,EtherFi Borrowing Market,defillama-harvest
U43,Model a real-world asset tokenization contract based on Centrifuge Protocol and describe its primary function at a high level.,rwa,Centrifuge Protocol,defillama-harvest
U44,Design an on-chain game contract based on Nation Wars Base and describe its primary function at a high level.,gaming,Nation Wars Base,defillama-harvest
U45,Create a governance contract based on Puffer Vaults and describe its main flows at a high level.,governance,Puffer Vaults,defillama-harvest
U46,Specify a decentralized exchange contract based on Quickswap Dex and describe its primary function at a high level.,dex,Quickswap Dex,defillama-harvest
U47,Outline a staking contract based on Marinade Select and describe its core behavior at a high level.,staking,Marinade Select,defillama-harvest
U48,Specify a cross-chain bridge contract based on Echo Bridge and describe its core mechanism at a high level.,bridge,Echo Bridge,defillama-harvest
U49,Specify a real-world asset tokenization contract based on Vesta Equity and describe its core mechanism at a high level.,rwa,Vesta Equity,defillama-harvest
U50,Model an on-chain game contract based on Joystick Club and describe its main flows at a high level.,gaming,Joystick Club,defillama-harvest
U51,Define a staking contract based on Vault Liquid Staking and describe its main flows at a high level.,staking,Vault Liquid Staking,defillama-harvest
U52,Outline a cross-chain bridge contract based on Lorenzo enzoBTC and describe its core behavior at a high level.,bridge,Lorenzo enzoBTC,defillama-harvest
U53,Design a payments contract based on Solayer Card and describe its core behavior at a high level.,payments,Solayer Card,defillama-harvest
U54,Define a derivatives contract based on Opyn Squeeth and describe its core mechanism at a high level.,derivatives,Opyn Squeeth,defillama-harvest
U55,Outline an NFT contract based on Wei Name Service and describe its main flows at a high level.,nft,Wei Name Service,defillama-harvest
U56,Outline a derivatives contract based on PHAME Protocol and describe its core behavior at a high level.,derivatives,PHAME Protocol,defillama-harvest
U57,Design an on-chain game contract based on TrueFeedBack and describe its main flows at a high level.,gaming,TrueFeedBack,defillama-harvest
U58,Define a prediction market contract based on Kizzy and describe its main flows at a high level.,prediction,Kizzy,defillama-harvest
U59,Define a stablecoin contract based on Chocodoge and describe its main flows at a high level.,stablecoin,Chocodoge,defillama-harvest
U60,Design a decentralized exchange contract based on Frax Swap and describe its primary function at a high level.,dex,Frax Swap,defillama-harvest
U61,Specify a governance contract based on MORE Vaults and describe its main flows at a high level.,governance,MORE Vaults,defillama-harvest
U62,Design a derivatives contract based on RollX and describe its primary function at a high level.,derivatives,RollX,defillama-harvest
U63,Create a real-world asset tokenization contract based on Dinari and describe its main flows at a high level.,rwa,Dinari,defillama-harvest
U1501,Design a lending protocol based on Bucket Protocol V2 and describe its core mechanism at a high level.,lending,Bucket Protocol V2,defillama-harvest
U64,Outline a token launchpad contract based on Phi and describe its main flows at a high level.,launchpad,Phi,defillama-harvest
U65,Outline a payments contract based on Pay Protocol and describe its primary function at a high level.,payments,Pay Protocol,defillama-harvest
U66,Design a yield strategy contract based on Firelight and describe its main flows at a high level.,yield,Firelight,defillama-harvest
U67,Model a yield strategy contract based on Convex Finance and describe its core mechanism at a high level.,yield,Convex Finance,defillama-harvest
U68,Define an on-chain game contract based on MiningTycoon and describe its main flows at a high level.,gaming,MiningTycoon,defillama-harvest
U69,Outline a decentralized exchange contract based on GoonFi and describe its main flows at a high level.,dex,GoonFi,defillama-harvest
U70,Model an on-chain insurance contract based on Cover Protocol and describe its primary function at a high level.,insurance,Cover Protocol,defillama-harvest
U71,Define a cross-chain bridge contract based on Portal and describe its core mechanism at a high level.,bridge,Portal,defillama-harvest
U72,Specify a real-world asset tokenization contract based on VanEck Treasury Fund and describe its primary function at a high level.,rwa,VanEck Treasury Fund,defillama-harvest
U73,Design a staking contract based on Phase Delegation and describe its main flows at a high level.,staking,Phase Delegation,defillama-harvest
U74,Model a prediction market contract based on BetMode and describe its main flows at a high level.,prediction,BetMode,defillama-harvest
U75,Specify a real-world asset tokenization contract based on RealT Tokens and describe its core mechanism at a high level.,rwa,RealT Tokens,defillama-harvest
U76,Create a payments contract based on HypeFuel and describe its main flows at a high level.,payments,HypeFuel,defillama-harvest
U77,Define a yield strategy contract based on AlphaFi Agg and describe its main flows at a high level.,yield,AlphaFi Agg,defillama-harvest
U78,Outline a staking contract based on Origin Ether and describe its core behavior at a high level.,staking,Origin Ether,defillama-harvest
U79,Create a real-world asset tokenization contract based on Fortunafi and describe its core mechanism at a high level.,rwa,Fortunafi,defillama-harvest
U80,Model a staking contract based on Drift Staked SOL and describe its core behavior at a high level.,staking,Drift Staked SOL,defillama-harvest
U81,Model a yield strategy contract based on Superform and describe its primary function at a high level.,yield,Superform,defillama-harvest
U82,Design a token launchpad contract based on Durianfun Launchpad and describe its core mechanism at a high level.,launchpad,Durianfun Launchpad,defillama-harvest
U83,Design a cross-chain bridge contract based on LayerZero V2 and describe its core mechanism at a high level.,bridge,LayerZero V2,defillama-harvest
U85,Define a staking contract based on Obol and describe its core mechanism at a high level.,staking,Obol,defillama-harvest
U86,Define a token locking contract based on Bitbond Lockers and describe its main flows at a high level.,security,Bitbond Lockers,defillama-harvest
U87,Specify an on-chain game contract based on Gensokishi and describe its main flows at a high level.,gaming,Gensokishi,defillama-harvest
U88,Design a token contract based on Ducky City SOFI and describe its core mechanism at a high level.,token,Ducky City SOFI,defillama-harvest
U89,Model a lending protocol based on Kamino Lend and describe its main flows at a high level.,lending,Kamino Lend,defillama-harvest
U90,Create a real-world asset tokenization contract based on Ethena USDtb and describe its main flows at a high level.,rwa,Ethena USDtb,defillama-harvest
U91,Specify a token contract based on Brokkr Finance and describe its core behavior at a high level.,token,Brokkr Finance,defillama-harvest
U92,Outline a prediction market contract based on Seer and describe its primary function at a high level.,prediction,Seer,defillama-harvest
U93,Design an NFT contract based on Foundation and describe its core mechanism at a high level.,nft,Foundation,defillama-harvest
U94,Specify a payments contract based on CoinDrip and describe its core behavior at a high level.,payments,CoinDrip,defillama-harvest
U95,Model a governance contract based on StakeStone Berachain Vault and describe its core behavior at a high level.,governance,StakeStone Berachain Vault,defillama-harvest
U96,Create a governance contract based on D2 Finance and describe its primary function at a high level.,governance,D2 Finance,defillama-harvest
U97,Outline a decentralized exchange contract based on Velodrome V3 and describe its core behavior at a high level.,dex,Velodrome V3,defillama-harvest
U98,Create a derivatives contract based on Aevo Perps and describe its primary function at a high level.,derivatives,Aevo Perps,defillama-harvest
U99,Design an on-chain game contract based on Echelon Prime and describe its primary function at a high level.,gaming,Echelon Prime,defillama-harvest
U100,Define an NFT contract based on Metars GO and describe its core behavior at a high level.,nft,Metars GO,defillama-harvest
U101,Define a decentralized exchange contract based on RocketSwap Anubis and describe its main flows at a high level.,dex,RocketSwap Anubis,defillama-harvest
U102,Define a token contract based on Fractional Art and describe its core behavior at a high level.,token,Fractional Art,defillama-harvest
U103,Model a derivatives contract based on Pika and describe its core behavior at a high level.,derivatives,Pika,defillama-harvest
U104,Model a price oracle contract based on Pyth Network and describe its main flows at a high level.,oracle,Pyth Network,defillama-harvest
U105,Define a derivatives contract based on IntentX and describe its core mechanism at a high level.,derivatives,IntentX,defillama-harvest
U106,Define a cross-chain bridge contract based on PulseChain Bridge and describe its primary function at a high level.,bridge,PulseChain Bridge,defillama-harvest
U107,Outline a cross-chain bridge contract based on Connext and describe its primary function at a high level.,bridge,Connext,defillama-harvest
U108,Specify a cross-chain bridge contract based on Arbitrum Nova Bridge and describe its core mechanism at a high level.,bridge,Arbitrum Nova Bridge,defillama-harvest
U109,Create a staking contract based on SSV Network and describe its core mechanism at a high level.,staking,SSV Network,defillama-harvest
U110,Outline a token launchpad contract based on popi and describe its primary function at a high level.,launchpad,popi,defillama-harvest
U111,Specify a staking contract based on STKESOL by SOL Strategies and describe its core behavior at a high level.,staking,STKESOL by SOL Strategies,defillama-harvest
U112,Outline a prediction market contract based on Pascal and describe its core behavior at a high level.,prediction,Pascal,defillama-harvest
U113,Specify a token contract based on PostTechSoFi and describe its primary function at a high level.,token,PostTechSoFi,defillama-harvest
U114,Outline a token launchpad contract based on Umia and describe its primary function at a high level.,launchpad,Umia,defillama-harvest
U115,Specify a stablecoin contract based on Savanna Finance and describe its primary function at a high level.,stablecoin,Savanna Finance,defillama-harvest
U116,Define a prediction market contract based on Ape Church and describe its primary function at a high level.,prediction,Ape Church,defillama-harvest
U117,Specify a lending protocol based on Current and describe its primary function at a high level.,lending,Current,defillama-harvest
U118,Design a token launchpad contract based on EclipseFi and describe its main flows at a high level.,launchpad,EclipseFi,defillama-harvest
U1502,Design a lending protocol based on Granite and describe its main flows at a high level.,lending,Granite,defillama-harvest
U120,Define a cross-chain bridge contract based on Sonic Gateway and describe its core mechanism at a high level.,bridge,Sonic Gateway,defillama-harvest
U121,Design a payments contract based on Cypher Card and describe its core mechanism at a high level.,payments,Cypher Card,defillama-harvest
U122,Specify a derivatives contract based on Keep3r Network and describe its main flows at a high level.,derivatives,Keep3r Network,defillama-harvest
U123,Outline a payments contract based on Holyheld Card and describe its core behavior at a high level.,payments,Holyheld Card,defillama-harvest
U124,Outline a yield strategy contract based on Toros and describe its primary function at a high level.,yield,Toros,defillama-harvest
U125,Define a cross-chain bridge contract based on ObeliskBTC and describe its primary function at a high level.,bridge,ObeliskBTC,defillama-harvest
U126,Outline a token contract based on cipher.rip and describe its core behavior at a high level.,token,cipher.rip,defillama-harvest
U127,Create a real-world asset tokenization contract based on OnRe and describe its primary function at a high level.,rwa,OnRe,defillama-harvest
U128,Create an NFT contract based on Morkie and describe its primary function at a high level.,nft,Morkie,defillama-harvest
U129,Outline a decentralized exchange contract based on SUNSwap V3 and describe its core behavior at a high level.,dex,SUNSwap V3,defillama-harvest
U130,Specify a prediction market contract based on PredMart and describe its main flows at a high level.,prediction,PredMart,defillama-harvest
U131,Create a stablecoin contract based on GTON Capital and describe its main flows at a high level.,stablecoin,GTON Capital,defillama-harvest
U132,Model a cross-chain bridge contract based on Avalanche Core Bridge and describe its core behavior at a high level.,bridge,Avalanche Core Bridge,defillama-harvest
U135,Create a token contract based on FriendRoom and describe its primary function at a high level.,token,FriendRoom,defillama-harvest
U136,Specify an NFT contract based on Clusters and describe its primary function at a high level.,nft,Clusters,defillama-harvest
U137,Model a staking contract based on Swell Liquid Staking and describe its main flows at a high level.,staking,Swell Liquid Staking,defillama-harvest
U138,Outline a real-world asset tokenization contract based on Plume Vaults and describe its core behavior at a high level.,rwa,Plume Vaults,defillama-harvest
U139,Define a cross-chain bridge contract based on Eclipse Bridge and describe its main flows at a high level.,bridge,Eclipse Bridge,defillama-harvest
U140,Outline a staking contract based on StakeWise V3 and describe its core behavior at a high level.,staking,StakeWise V3,defillama-harvest
U141,Create a real-world asset tokenization contract based on Lofty and describe its main flows at a high level.,rwa,Lofty,defillama-harvest
U142,Model a staking contract based on Crypto.com Liquid Staking and describe its main flows at a high level.,staking,Crypto.com Liquid Staking,defillama-harvest
U143,Specify an NFT contract based on Blur Bids and describe its core behavior at a high level.,nft,Blur Bids,defillama-harvest
U144,Design a real-world asset tokenization contract based on Arca Labs ArCoin and describe its primary function at a high level.,rwa,Arca Labs ArCoin,defillama-harvest
U145,Define a token contract based on Bundles and describe its core mechanism at a high level.,token,Bundles,defillama-harvest
U146,Specify an on-chain game contract based on Ryoshi Royale and describe its core mechanism at a high level.,gaming,Ryoshi Royale,defillama-harvest
U147,Specify a prediction market contract based on Rain and describe its core behavior at a high level.,prediction,Rain,defillama-harvest
U148,Define a real-world asset tokenization contract based on Frigg.eco and describe its main flows at a high level.,rwa,Frigg.eco,defillama-harvest
U149,Specify a derivatives contract based on Scientix and describe its primary function at a high level.,derivatives,Scientix,defillama-harvest
U150,Design a payments contract based on PagCrypto and describe its core mechanism at a high level.,payments,PagCrypto,defillama-harvest
U151,Specify an NFT contract based on GumBall Protocol and describe its core behavior at a high level.,nft,GumBall Protocol,defillama-harvest
U152,Create a payments contract based on Nexo Card and describe its main flows at a high level.,payments,Nexo Card,defillama-harvest
U153,Design an NFT contract based on 1155Tech and describe its main flows at a high level.,nft,1155Tech,defillama-harvest
U154,Create an NFT contract based on Emporium and describe its main flows at a high level.,nft,Emporium,defillama-harvest
U155,Outline a decentralized exchange contract based on Chainflip AMM and describe its core behavior at a high level.,dex,Chainflip AMM,defillama-harvest
U156,Model a staking contract based on Phantom SOL and describe its core mechanism at a high level.,staking,Phantom SOL,defillama-harvest
U157,Create a decentralized exchange contract based on PancakeSwap AMM and describe its core behavior at a high level.,dex,PancakeSwap AMM,defillama-harvest
U158,Model a yield strategy contract based on BitFi Basis and describe its core mechanism at a high level.,yield,BitFi Basis,defillama-harvest
U159,Specify a staking contract based on Babylon Protocol and describe its primary function at a high level.,staking,Babylon Protocol,defillama-harvest
U160,Outline an NFT contract based on Magic Eden and describe its core mechanism at a high level.,nft,Magic Eden,defillama-harvest
U161,Create an NFT contract based on Crovia NFT Marketplace and describe its core mechanism at a high level.,nft,Crovia NFT Marketplace,defillama-harvest
U162,Design a payments contract based on Pulsar Money and describe its core mechanism at a high level.,payments,Pulsar Money,defillama-harvest
U163,Design a derivatives contract based on Siren and describe its primary function at a high level.,derivatives,Siren,defillama-harvest
U164,Design a staking contract based on stake.link liquid and describe its core mechanism at a high level.,staking,stake.link liquid,defillama-harvest
U165,Specify an NFT contract based on Jupiter Gacha and describe its main flows at a high level.,nft,Jupiter Gacha,defillama-harvest
U166,Create a yield strategy contract based on Francium and describe its main flows at a high level.,yield,Francium,defillama-harvest
U167,Design a lending protocol based on marginfi Lending and describe its main flows at a high level.,lending,marginfi Lending,defillama-harvest
U168,Specify a cross-chain bridge contract based on Kraken Bitcoin and describe its core mechanism at a high level.,bridge,Kraken Bitcoin,defillama-harvest
U169,Create a staking contract based on RHEA LST and describe its core mechanism at a high level.,staking,RHEA LST,defillama-harvest
U170,Model a token locking contract based on GoPlus Locker V3 and describe its main flows at a high level.,security,GoPlus Locker V3,defillama-harvest
U171,Create a cross-chain bridge contract based on Citrea Bridge and describe its primary function at a high level.,bridge,Citrea Bridge,defillama-harvest
U172,Define a prediction market contract based on Crypto Lottery and describe its core mechanism at a high level.,prediction,Crypto Lottery,defillama-harvest
U173,Design a governance contract based on Arkonix and describe its core behavior at a high level.,governance,Arkonix,defillama-harvest
U174,Create a stablecoin contract based on USDCx and describe its core mechanism at a high level.,stablecoin,USDCx,defillama-harvest
U175,Model a derivatives contract based on Flamix and describe its primary function at a high level.,derivatives,Flamix,defillama-harvest
U176,Design a derivatives contract based on AlphaX and describe its core behavior at a high level.,derivatives,AlphaX,defillama-harvest
U177,Define a cross-chain bridge contract based on OKX xBTC and describe its main flows at a high level.,bridge,OKX xBTC,defillama-harvest
U178,Outline a decentralized exchange contract based on Temple and describe its core behavior at a high level.,dex,Temple,defillama-harvest
U179,Specify a payments contract based on GrowStreams and describe its core mechanism at a high level.,payments,GrowStreams,defillama-harvest
U180,Outline a cross-chain bridge contract based on Universal Bridge and describe its core mechanism at a high level.,bridge,Universal Bridge,defillama-harvest
U181,Specify an NFT contract based on Ready Cards and describe its core mechanism at a high level.,nft,Ready Cards,defillama-harvest
U182,Create a stablecoin contract based on Grave Finance and describe its main flows at a high level.,stablecoin,Grave Finance,defillama-harvest
U183,Design an on-chain game contract based on Hero Blaze and describe its core mechanism at a high level.,gaming,Hero Blaze,defillama-harvest
U184,Specify a decentralized exchange contract based on Aerodrome Slipstream and describe its core mechanism at a high level.,dex,Aerodrome Slipstream,defillama-harvest
U185,Design an NFT contract based on Opensea Seaport and describe its main flows at a high level.,nft,Opensea Seaport,defillama-harvest
U186,Outline an on-chain game contract based on Yield Guild Games and describe its core behavior at a high level.,gaming,Yield Guild Games,defillama-harvest
U187,Define an NFT contract based on CARDZ.GAME and describe its primary function at a high level.,nft,CARDZ.GAME,defillama-harvest
U189,Model a token launchpad contract based on Alt Fun and describe its primary function at a high level.,launchpad,Alt Fun,defillama-harvest
U190,Model a token launchpad contract based on KaspaCom LFG and describe its core behavior at a high level.,launchpad,KaspaCom LFG,defillama-harvest
U191,Define an on-chain insurance contract based on InsureDAO and describe its core mechanism at a high level.,insurance,InsureDAO,defillama-harvest
U192,Model an NFT contract based on PumpBox and describe its primary function at a high level.,nft,PumpBox,defillama-harvest
U193,Specify a lending protocol based on Sky Lending and describe its main flows at a high level.,lending,Sky Lending,defillama-harvest
U194,Specify a smart account contract based on Phantom Wallet and describe its main flows at a high level.,wallet,Phantom Wallet,defillama-harvest
U195,Define a real-world asset tokenization contract based on wstGBP and describe its main flows at a high level.,rwa,wstGBP,defillama-harvest
U196,Define a derivatives contract based on Bounce.Tech and describe its core behavior at a high level.,derivatives,Bounce.Tech,defillama-harvest
U197,Outline a lending protocol based on Liqwid and describe its main flows at a high level.,lending,Liqwid,defillama-harvest
U198,Design a smart account contract based on Defiway and describe its core mechanism at a high level.,wallet,Defiway,defillama-harvest
U199,Define a yield strategy contract based on Solv Basis Trading and describe its core mechanism at a high level.,yield,Solv Basis Trading,defillama-harvest
U200,Specify a token contract based on Picnic and describe its primary function at a high level.,token,Picnic,defillama-harvest
U201,Design an on-chain game contract based on PepeDex and describe its primary function at a high level.,gaming,PepeDex,defillama-harvest
U202,Design a real-world asset tokenization contract based on Sky RWA and describe its main flows at a high level.,rwa,Sky RWA,defillama-harvest
U203,Design an on-chain game contract based on Perion and describe its core behavior at a high level.,gaming,Perion,defillama-harvest
U204,Specify a token launchpad contract based on SpinUp Launchpad and describe its core behavior at a high level.,launchpad,SpinUp Launchpad,defillama-harvest
U205,Design an on-chain game contract based on Robots.Farm and describe its core mechanism at a high level.,gaming,Robots.Farm,defillama-harvest
U206,Model a prediction market contract based on EtherFlip and describe its main flows at a high level.,prediction,EtherFlip,defillama-harvest
U207,Define a real-world asset tokenization contract based on Usual USD0 and describe its main flows at a high level.,rwa,Usual USD0,defillama-harvest
U208,Design an on-chain game contract based on Crypto Valleys and describe its core mechanism at a high level.,gaming,Crypto Valleys,defillama-harvest
U209,Outline a yield strategy contract based on RockSolid Network and describe its core mechanism at a high level.,yield,RockSolid Network,defillama-harvest
U210,Design an on-chain insurance contract based on Ensuro and describe its core behavior at a high level.,insurance,Ensuro,defillama-harvest
U211,Specify an NFT contract based on dotMEGA Domains and describe its core mechanism at a high level.,nft,dotMEGA Domains,defillama-harvest
U213,Specify a cross-chain bridge contract based on TxFlow Bridge and describe its main flows at a high level.,bridge,TxFlow Bridge,defillama-harvest
U214,Create a lending protocol based on BIMA CDP and describe its core mechanism at a high level.,lending,BIMA CDP,defillama-harvest
U215,Define a yield strategy contract based on Looped Hype and describe its core behavior at a high level.,yield,Looped Hype,defillama-harvest
U216,Design a token contract based on Sanko GameCorp and describe its core behavior at a high level.,token,Sanko GameCorp,defillama-harvest
U217,Define a yield strategy contract based on Axis and describe its primary function at a high level.,yield,Axis,defillama-harvest
U218,Create a cross-chain bridge contract based on SX Rollup Bridge and describe its main flows at a high level.,bridge,SX Rollup Bridge,defillama-harvest
U219,Specify a yield strategy contract based on Equilibria and describe its main flows at a high level.,yield,Equilibria,defillama-harvest
U220,Define a stablecoin contract based on Paladin DAO and describe its core mechanism at a high level.,stablecoin,Paladin DAO,defillama-harvest
U221,Model a staking contract based on Rocket Pool and describe its core mechanism at a high level.,staking,Rocket Pool,defillama-harvest
U222,Create a token launchpad contract based on Based Alpha and describe its primary function at a high level.,launchpad,Based Alpha,defillama-harvest
U223,Outline a decentralized exchange contract based on Saphyre V3 and describe its main flows at a high level.,dex,Saphyre V3,defillama-harvest
U224,Outline a privacy-preserving contract based on Zama and describe its main flows at a high level.,privacy,Zama,defillama-harvest
U225,Design an NFT contract based on leNFT and describe its main flows at a high level.,nft,leNFT,defillama-harvest
U226,Design a lending protocol based on Yield Basis and describe its core mechanism at a high level.,lending,Yield Basis,defillama-harvest
U227,Model a yield strategy contract based on AILayer farm and describe its core behavior at a high level.,yield,AILayer farm,defillama-harvest
U228,Model a cross-chain bridge contract based on SolvBTC and describe its primary function at a high level.,bridge,SolvBTC,defillama-harvest
U229,Outline a cross-chain bridge contract based on Wan Bridge and describe its core mechanism at a high level.,bridge,Wan Bridge,defillama-harvest
U230,Outline a yield strategy contract based on Harvest Finance and describe its core mechanism at a high level.,yield,Harvest Finance,defillama-harvest
U231,Create an NFT contract based on Chapool and describe its core mechanism at a high level.,nft,Chapool,defillama-harvest
U232,Specify a stablecoin contract based on Avalps and describe its core mechanism at a high level.,stablecoin,Avalps,defillama-harvest
U233,Model a privacy-preserving contract based on Mixoor and describe its core behavior at a high level.,privacy,Mixoor,defillama-harvest
U234,Design a stablecoin contract based on Rezerve Money and describe its core behavior at a high level.,stablecoin,Rezerve Money,defillama-harvest
U235,Define a governance contract based on Agua and describe its core mechanism at a high level.,governance,Agua,defillama-harvest
U236,Specify an on-chain game contract based on Metastrike and describe its core mechanism at a high level.,gaming,Metastrike,defillama-harvest
U237,Specify a real-world asset tokenization contract based on Asseto CASH+ and describe its primary function at a high level.,rwa,Asseto CASH+,defillama-harvest
U238,Outline a yield strategy contract based on Yuzu Money and describe its primary function at a high level.,yield,Yuzu Money,defillama-harvest
U239,Create a real-world asset tokenization contract based on Uranium.io and describe its main flows at a high level.,rwa,Uranium.io,defillama-harvest
U240,Specify an on-chain game contract based on Sandbox and describe its core behavior at a high level.,gaming,Sandbox,defillama-harvest
U241,Outline a governance contract based on Cabal and describe its main flows at a high level.,governance,Cabal,defillama-harvest
U242,Create a decentralized exchange contract based on Pharaoh DLMM and describe its main flows at a high level.,dex,Pharaoh DLMM,defillama-harvest
U243,Create an NFT contract based on Only1 and describe its core behavior at a high level.,nft,Only1,defillama-harvest
U244,Specify a lending protocol based on Dolomite and describe its main flows at a high level.,lending,Dolomite,defillama-harvest
U245,Specify a stablecoin contract based on Nava finance and describe its primary function at a high level.,stablecoin,Nava finance,defillama-harvest
U246,Define a cross-chain bridge contract based on Arbitrum Bridge and describe its core mechanism at a high level.,bridge,Arbitrum Bridge,defillama-harvest
U247,Define a token contract based on DeHive and describe its core behavior at a high level.,token,DeHive,defillama-harvest
U249,Specify a decentralized exchange contract based on SushiSwap V3 and describe its primary function at a high level.,dex,SushiSwap V3,defillama-harvest
U250,Model a decentralized exchange contract based on Astroport and describe its core behavior at a high level.,dex,Astroport,defillama-harvest
U251,Create a token launchpad contract based on Coinbarrel and describe its primary function at a high level.,launchpad,Coinbarrel,defillama-harvest
U252,Create an on-chain game contract based on Big Time and describe its main flows at a high level.,gaming,Big Time,defillama-harvest
U253,Outline an on-chain insurance contract based on Nsure and describe its core behavior at a high level.,insurance,Nsure,defillama-harvest
U254,Create a token contract based on Qrolli and describe its primary function at a high level.,token,Qrolli,defillama-harvest
U255,Define a prediction market contract based on Hoodbets and describe its main flows at a high level.,prediction,Hoodbets,defillama-harvest
U256,Create a token launchpad contract based on Frontier and describe its main flows at a high level.,launchpad,Frontier,defillama-harvest
U257,Outline an on-chain game contract based on Monster Gameverse and describe its primary function at a high level.,gaming,Monster Gameverse,defillama-harvest
U258,Outline a governance contract based on Spark Liquidity Layer and describe its core mechanism at a high level.,governance,Spark Liquidity Layer,defillama-harvest
U260,Design a token launchpad contract based on Meme Cooking and describe its core mechanism at a high level.,launchpad,Meme Cooking,defillama-harvest
U261,Specify a payments contract based on Bleap Card and describe its primary function at a high level.,payments,Bleap Card,defillama-harvest
U262,Outline a yield strategy contract based on Badger DAO and describe its primary function at a high level.,yield,Badger DAO,defillama-harvest
U263,Define a smart account contract based on Rabby Wallet and describe its core behavior at a high level.,wallet,Rabby Wallet,defillama-harvest
U264,Outline a token contract based on Tomo and describe its primary function at a high level.,token,Tomo,defillama-harvest
U265,Model a stablecoin contract based on Finext Finance and describe its core mechanism at a high level.,stablecoin,Finext Finance,defillama-harvest
U266,Create a token launchpad contract based on four.meme and describe its core mechanism at a high level.,launchpad,four.meme,defillama-harvest
U267,Model a token contract based on friend.tech V1 and describe its core behavior at a high level.,token,friend.tech V1,defillama-harvest
U268,Outline a payments contract based on Plasma One and describe its core mechanism at a high level.,payments,Plasma One,defillama-harvest
U269,Design a governance contract based on Avant avETH and describe its main flows at a high level.,governance,Avant avETH,defillama-harvest
U1503,Specify a decentralized exchange contract based on FermiSwap and describe its core behavior at a high level.,dex,FermiSwap,defillama-harvest
U271,Create an on-chain insurance contract based on Bright Union and describe its core mechanism at a high level.,insurance,Bright Union,defillama-harvest
U272,Specify a yield strategy contract based on SuperEarn and describe its main flows at a high level.,yield,SuperEarn,defillama-harvest
U1504,Outline a lending protocol based on Pac Finance and describe its primary function at a high level.,lending,Pac Finance,defillama-harvest
U273,Outline a decentralized exchange contract based on Curve DEX and describe its main flows at a high level.,dex,Curve DEX,defillama-harvest
U274,Design a decentralized exchange contract based on BulbaSwap V3 and describe its main flows at a high level.,dex,BulbaSwap V3,defillama-harvest
U275,Model a token contract based on JamFrens and describe its main flows at a high level.,token,JamFrens,defillama-harvest
U276,Specify an NFT contract based on Stealcam and describe its main flows at a high level.,nft,Stealcam,defillama-harvest
U277,Create an NFT contract based on XOXNO NFT Marketplace and describe its main flows at a high level.,nft,XOXNO NFT Marketplace,defillama-harvest
U278,Define a token launchpad contract based on Ape Express and describe its core mechanism at a high level.,launchpad,Ape Express,defillama-harvest
U279,Define a token launchpad contract based on GraFun and describe its main flows at a high level.,launchpad,GraFun,defillama-harvest
U280,Model a derivatives contract based on Hakka Finance and describe its main flows at a high level.,derivatives,Hakka Finance,defillama-harvest
U281,Create a payments contract based on Lightning Network and describe its main flows at a high level.,payments,Lightning Network,defillama-harvest
U282,Create a token launchpad contract based on Streamlock and describe its core behavior at a high level.,launchpad,Streamlock,defillama-harvest
U283,Design a decentralized exchange contract based on BDEX V3 and describe its primary function at a high level.,dex,BDEX V3,defillama-harvest
U284,Specify a yield strategy contract based on Aegis YUSD and describe its core behavior at a high level.,yield,Aegis YUSD,defillama-harvest
U285,Define an NFT contract based on Envelop and describe its primary function at a high level.,nft,Envelop,defillama-harvest
U286,Define a derivatives contract based on Moonlander and describe its main flows at a high level.,derivatives,Moonlander,defillama-harvest
U287,Specify a derivatives contract based on ApeX Pro and describe its main flows at a high level.,derivatives,ApeX Pro,defillama-harvest
U288,Design a price oracle contract based on openOracle and describe its primary function at a high level.,oracle,openOracle,defillama-harvest
U289,Create a derivatives contract based on IPOR Derivatives and describe its primary function at a high level.,derivatives,IPOR Derivatives,defillama-harvest
U290,Model a staking contract based on Swell Liquid Restaking and describe its core mechanism at a high level.,staking,Swell Liquid Restaking,defillama-harvest
U291,Outline a derivatives contract based on Apex Omni and describe its core mechanism at a high level.,derivatives,Apex Omni,defillama-harvest
U292,Outline a token launchpad contract based on Legion and describe its core behavior at a high level.,launchpad,Legion,defillama-harvest
U1505,Specify a derivatives contract based on Margined Protocol and describe its core mechanism at a high level.,derivatives,Margined Protocol,defillama-harvest
U293,Model a lending protocol based on Venus Core Pool and describe its core behavior at a high level.,lending,Venus Core Pool,defillama-harvest
U294,Model a staking contract based on Qearn and describe its core behavior at a high level.,staking,Qearn,defillama-harvest
U295,Specify a real-world asset tokenization contract based on ZTLN-P and describe its primary function at a high level.,rwa,ZTLN-P,defillama-harvest
U296,Model a prediction market contract based on Run Money and describe its core mechanism at a high level.,prediction,Run Money,defillama-harvest
U297,Design a real-world asset tokenization contract based on Theo Network thBill and describe its primary function at a high level.,rwa,Theo Network thBill,defillama-harvest
U298,Create an NFT contract based on GhostMarket and describe its primary function at a high level.,nft,GhostMarket,defillama-harvest
U299,Model a stablecoin contract based on Photon Protocol and describe its core behavior at a high level.,stablecoin,Photon Protocol,defillama-harvest
U300,Create a cross-chain bridge contract based on Starknet Bridge and describe its core behavior at a high level.,bridge,Starknet Bridge,defillama-harvest
U301,Model a yield strategy contract based on Unitas USDu and describe its main flows at a high level.,yield,Unitas USDu,defillama-harvest
U302,Outline a token launchpad contract based on Emojicoin.fun and describe its core mechanism at a high level.,launchpad,Emojicoin.fun,defillama-harvest
U303,Model an on-chain game contract based on IoTeX Monster Go and describe its primary function at a high level.,gaming,IoTeX Monster Go,defillama-harvest
U304,Create an NFT contract based on Fragment and describe its core mechanism at a high level.,nft,Fragment,defillama-harvest
U305,Design a stablecoin contract based on Mama DAO and describe its main flows at a high level.,stablecoin,Mama DAO,defillama-harvest
U306,Design a token contract based on LSDx ETHx and describe its core behavior at a high level.,token,LSDx ETHx,defillama-harvest
U307,Specify a cross-chain bridge contract based on Blast Bridge and describe its core behavior at a high level.,bridge,Blast Bridge,defillama-harvest
U308,Outline a cross-chain bridge contract based on exSat Staking BTC and describe its primary function at a high level.,bridge,exSat Staking BTC,defillama-harvest
U309,Model a real-world asset tokenization contract based on Aurus and describe its core behavior at a high level.,rwa,Aurus,defillama-harvest
U310,Create an on-chain game contract based on Arrland and describe its core mechanism at a high level.,gaming,Arrland,defillama-harvest
U311,Specify a derivatives contract based on Ostium and describe its primary function at a high level.,derivatives,Ostium,defillama-harvest
U312,Specify a cross-chain bridge contract based on Axelar and describe its core behavior at a high level.,bridge,Axelar,defillama-harvest
U313,Create a prediction market contract based on Whale Game and describe its primary function at a high level.,prediction,Whale Game,defillama-harvest
U314,Create an NFT contract based on getHemiNames and describe its core behavior at a high level.,nft,getHemiNames,defillama-harvest
U315,Model a governance contract based on Plasma Saving Vaults and describe its primary function at a high level.,governance,Plasma Saving Vaults,defillama-harvest
U316,Create a prediction market contract based on Azuro and describe its core mechanism at a high level.,prediction,Azuro,defillama-harvest
U317,Create a token contract based on Arena SocialFi and describe its primary function at a high level.,token,Arena SocialFi,defillama-harvest
U318,Create a yield strategy contract based on infiniFi and describe its core mechanism at a high level.,yield,infiniFi,defillama-harvest
U319,Design a real-world asset tokenization contract based on ComTech Gold and describe its main flows at a high level.,rwa,ComTech Gold,defillama-harvest
U320,Outline a stablecoin contract based on Eggs Finance and describe its core behavior at a high level.,stablecoin,Eggs Finance,defillama-harvest
U321,Specify a governance contract based on Blend Money and describe its primary function at a high level.,governance,Blend Money,defillama-harvest
U322,Specify a staking contract based on Bifrost Liquid Staking and describe its primary function at a high level.,staking,Bifrost Liquid Staking,defillama-harvest
U323,Design a real-world asset tokenization contract based on Anemoy Capital and describe its primary function at a high level.,rwa,Anemoy Capital,defillama-harvest
U324,Design a staking contract based on Hydro LST and describe its main flows at a high level.,staking,Hydro LST,defillama-harvest
U325,Model a token launchpad contract based on RlyFun and describe its main flows at a high level.,launchpad,RlyFun,defillama-harvest
U326,Design a prediction market contract based on PredictEX and describe its primary function at a high level.,prediction,PredictEX,defillama-harvest
U327,Specify a lending protocol based on Project 0 and describe its primary function at a high level.,lending,Project 0,defillama-harvest
U328,Model a decentralized exchange contract based on DeepBook V3 and describe its main flows at a high level.,dex,DeepBook V3,defillama-harvest
U329,Design a token contract based on BiShares and describe its core mechanism at a high level.,token,BiShares,defillama-harvest
U330,Model a stablecoin contract based on SamoDAO and describe its core behavior at a high level.,stablecoin,SamoDAO,defillama-harvest
U331,Outline an on-chain game contract based on CryptoBlades and describe its primary function at a high level.,gaming,CryptoBlades,defillama-harvest
U332,Design a real-world asset tokenization contract based on Blockchain Capital and describe its core behavior at a high level.,rwa,Blockchain Capital,defillama-harvest
U333,Design a yield strategy contract based on Zoo Finance and describe its primary function at a high level.,yield,Zoo Finance,defillama-harvest
U334,Model a token contract based on Ethos Markets and describe its main flows at a high level.,token,Ethos Markets,defillama-harvest
U335,Outline a lending protocol based on Echelon Market and describe its core behavior at a high level.,lending,Echelon Market,defillama-harvest
U336,Specify a token locking contract based on Aurevaz and describe its core behavior at a high level.,security,Aurevaz,defillama-harvest
U337,Specify a real-world asset tokenization contract based on Asseto AoABT and describe its core behavior at a high level.,rwa,Asseto AoABT,defillama-harvest
U338,Outline an NFT contract based on Mintpad and describe its core behavior at a high level.,nft,Mintpad,defillama-harvest
U339,Outline a decentralized exchange contract based on Bluefin Spot and describe its core behavior at a high level.,dex,Bluefin Spot,defillama-harvest
U340,Outline a token contract based on Arbitrove and describe its core mechanism at a high level.,token,Arbitrove,defillama-harvest
U341,Model an NFT contract based on VinuNFT and describe its core behavior at a high level.,nft,VinuNFT,defillama-harvest
U342,Model a token contract based on Set Protocol and describe its core mechanism at a high level.,token,Set Protocol,defillama-harvest
U343,Design a stablecoin contract based on Gaia DAO and describe its main flows at a high level.,stablecoin,Gaia DAO,defillama-harvest
U344,Outline an on-chain game contract based on Treasure and describe its core behavior at a high level.,gaming,Treasure,defillama-harvest
U345,Design a decentralized exchange contract based on MetalX Swap and describe its core behavior at a high level.,dex,MetalX Swap,defillama-harvest
U346,Define a yield strategy contract based on Exponent Risk Tranching and describe its main flows at a high level.,yield,Exponent Risk Tranching,defillama-harvest
U347,Model an on-chain game contract based on Illuvium and describe its core mechanism at a high level.,gaming,Illuvium,defillama-harvest
U348,Create a payments contract based on SafePal Card and describe its core behavior at a high level.,payments,SafePal Card,defillama-harvest
U349,Design a payments contract based on Telcoin and describe its main flows at a high level.,payments,Telcoin,defillama-harvest
U350,Specify a prediction market contract based on world and describe its primary function at a high level.,prediction,world,defillama-harvest
U351,Outline a real-world asset tokenization contract based on Oro Finance and describe its main flows at a high level.,rwa,Oro Finance,defillama-harvest
U352,Define a prediction market contract based on Polymarket International and describe its primary function at a high level.,prediction,Polymarket International,defillama-harvest
U353,Specify a payments contract based on AxiumPass and describe its core behavior at a high level.,payments,AxiumPass,defillama-harvest
U354,Model an on-chain game contract based on Witty and describe its core mechanism at a high level.,gaming,Witty,defillama-harvest
U355,Specify a prediction market contract based on Gnosis Protocol v1 and describe its core mechanism at a high level.,prediction,Gnosis Protocol v1,defillama-harvest
U356,Design a governance contract based on Sommelier and describe its primary function at a high level.,governance,Sommelier,defillama-harvest
U357,Design an on-chain game contract based on NewThrone and describe its core mechanism at a high level.,gaming,NewThrone,defillama-harvest
U358,Design a staking contract based on Marinade Liquid Staking and describe its core mechanism at a high level.,staking,Marinade Liquid Staking,defillama-harvest
U359,Design an on-chain game contract based on Cellula and describe its main flows at a high level.,gaming,Cellula,defillama-harvest
U360,Create a governance contract based on Mellow Core and describe its primary function at a high level.,governance,Mellow Core,defillama-harvest
U361,Specify a stablecoin contract based on Hotfriescoin and describe its main flows at a high level.,stablecoin,Hotfriescoin,defillama-harvest
U362,Outline a token launchpad contract based on AptosLaunch and describe its core behavior at a high level.,launchpad,AptosLaunch,defillama-harvest
U363,Outline a token contract based on stake.link index and describe its main flows at a high level.,token,stake.link index,defillama-harvest
U364,Model a token contract based on Valoro and describe its core behavior at a high level.,token,Valoro,defillama-harvest
U365,Design a cross-chain bridge contract based on Mezo Bridge and describe its main flows at a high level.,bridge,Mezo Bridge,defillama-harvest
U366,Model a yield strategy contract based on Radpie and describe its primary function at a high level.,yield,Radpie,defillama-harvest
U367,Create a privacy-preserving contract based on Tornado Cash and describe its core mechanism at a high level.,privacy,Tornado Cash,defillama-harvest
U368,Design an on-chain insurance contract based on Nexus Mutual and describe its core behavior at a high level.,insurance,Nexus Mutual,defillama-harvest
U369,Model a payments contract based on CheapGM and describe its core mechanism at a high level.,payments,CheapGM,defillama-harvest
U370,Outline a token launchpad contract based on HeadStarter and describe its core behavior at a high level.,launchpad,HeadStarter,defillama-harvest
U371,Outline a prediction market contract based on LuckyChip and describe its primary function at a high level.,prediction,LuckyChip,defillama-harvest
U372,Specify a real-world asset tokenization contract based on GOLDSTATION RWA and describe its core behavior at a high level.,rwa,GOLDSTATION RWA,defillama-harvest
U373,Design a smart account contract based on Sign and describe its core mechanism at a high level.,wallet,Sign,defillama-harvest
U374,Specify a payments contract based on Bitget Wallet Card and describe its primary function at a high level.,payments,Bitget Wallet Card,defillama-harvest
U375,Define a cross-chain bridge contract based on Taiko Bridge and describe its primary function at a high level.,bridge,Taiko Bridge,defillama-harvest
U376,Specify an NFT contract based on Mintiq Market and describe its core behavior at a high level.,nft,Mintiq Market,defillama-harvest
U377,Model a real-world asset tokenization contract based on Midas RWA and describe its core behavior at a high level.,rwa,Midas RWA,defillama-harvest
U378,Specify a derivatives contract based on AZverse Perps and describe its core mechanism at a high level.,derivatives,AZverse Perps,defillama-harvest
U379,Specify a token launchpad contract based on MovePump and describe its main flows at a high level.,launchpad,MovePump,defillama-harvest
U380,Outline a token contract based on StakeStone SBTC and describe its core behavior at a high level.,token,StakeStone SBTC,defillama-harvest
U381,Create a payments contract based on Giveth and describe its core behavior at a high level.,payments,Giveth,defillama-harvest
U382,Design a stablecoin contract based on TiTi Protocol and describe its main flows at a high level.,stablecoin,TiTi Protocol,defillama-harvest
U383,Model a token contract based on Ethos Network and describe its core behavior at a high level.,token,Ethos Network,defillama-harvest
U384,Specify an NFT contract based on ImmutableX and describe its core behavior at a high level.,nft,ImmutableX,defillama-harvest
U385,Outline a stablecoin contract based on BLUE Protocol and describe its core behavior at a high level.,stablecoin,BLUE Protocol,defillama-harvest
U386,Design a staking contract based on CatFee Staking Vault and describe its core mechanism at a high level.,staking,CatFee Staking Vault,defillama-harvest
U387,Define a governance contract based on Berachain and describe its core behavior at a high level.,governance,Berachain,defillama-harvest
U388,Model a cross-chain bridge contract based on Stargate V2 and describe its core mechanism at a high level.,bridge,Stargate V2,defillama-harvest
U389,Specify a staking contract based on Tonstakers LSD and describe its core mechanism at a high level.,staking,Tonstakers LSD,defillama-harvest
U390,Create a token contract based on PowerPool and describe its main flows at a high level.,token,PowerPool,defillama-harvest
U391,Outline an NFT contract based on ArtCPAClub and describe its core mechanism at a high level.,nft,ArtCPAClub,defillama-harvest
U392,Define a token locking contract based on UNCX Network V2 and describe its core mechanism at a high level.,security,UNCX Network V2,defillama-harvest
U393,Define a smart account contract based on MetaMask Wallet and describe its core mechanism at a high level.,wallet,MetaMask Wallet,defillama-harvest
U394,Model a token contract based on time.fun and describe its primary function at a high level.,token,time.fun,defillama-harvest
U395,Outline a token launchpad contract based on NOXA Fun and describe its core mechanism at a high level.,launchpad,NOXA Fun,defillama-harvest
U396,Define a governance contract based on Orai Quant Terminal and describe its core mechanism at a high level.,governance,Orai Quant Terminal,defillama-harvest
U397,Outline a governance contract based on Brink and describe its primary function at a high level.,governance,Brink,defillama-harvest
U399,Specify a yield strategy contract based on Stake DAO and describe its core mechanism at a high level.,yield,Stake DAO,defillama-harvest
U400,Define an on-chain insurance contract based on Easedefi.org and describe its core mechanism at a high level.,insurance,Easedefi.org,defillama-harvest
U401,Design a privacy-preserving contract based on Tonnel Network and describe its core behavior at a high level.,privacy,Tonnel Network,defillama-harvest
U402,Model a cross-chain bridge contract based on MegaETH Bridge and describe its primary function at a high level.,bridge,MegaETH Bridge,defillama-harvest
U403,Model a smart account contract based on Zerion Wallet and describe its core behavior at a high level.,wallet,Zerion Wallet,defillama-harvest
U404,Define a stablecoin contract based on ArbiTen and describe its core mechanism at a high level.,stablecoin,ArbiTen,defillama-harvest
U405,Design a derivatives contract based on Deri V4 and describe its core mechanism at a high level.,derivatives,Deri V4,defillama-harvest
U406,Define a decentralized exchange contract based on Steer Protocol and describe its main flows at a high level.,dex,Steer Protocol,defillama-harvest
U407,Model a stablecoin contract based on Amogus DAO and describe its core behavior at a high level.,stablecoin,Amogus DAO,defillama-harvest
U408,Define a payments contract based on Ajira Pay Finance V2 and describe its main flows at a high level.,payments,Ajira Pay Finance V2,defillama-harvest
U409,Create a token contract based on Indexed Finance and describe its main flows at a high level.,token,Indexed Finance,defillama-harvest
U410,Outline a lending protocol based on Maple and describe its core mechanism at a high level.,lending,Maple,defillama-harvest
U411,Design a stablecoin contract based on GmCash and describe its main flows at a high level.,stablecoin,GmCash,defillama-harvest
U412,Design a derivatives contract based on MUX Perps and describe its main flows at a high level.,derivatives,MUX Perps,defillama-harvest
U413,Specify an NFT contract based on Gwei Name Service and describe its core mechanism at a high level.,nft,Gwei Name Service,defillama-harvest
U414,Create a real-world asset tokenization contract based on eva Markets and describe its primary function at a high level.,rwa,eva Markets,defillama-harvest
U415,Create a smart account contract based on Human Passport and describe its main flows at a high level.,wallet,Human Passport,defillama-harvest
U416,Specify a governance contract based on weBribe DAO and describe its primary function at a high level.,governance,weBribe DAO,defillama-harvest
U417,Outline a decentralized exchange contract based on Ramses CL V2 and describe its core mechanism at a high level.,dex,Ramses CL V2,defillama-harvest
U418,Define a token launchpad contract based on Junoswap.trade Launchpad and describe its main flows at a high level.,launchpad,Junoswap.trade Launchpad,defillama-harvest
U419,Specify a token contract based on Plur and describe its primary function at a high level.,token,Plur,defillama-harvest
U420,Define a token contract based on Velvet V2 and describe its primary function at a high level.,token,Velvet V2,defillama-harvest
U421,Specify a decentralized exchange contract based on Futarchy AMM and describe its main flows at a high level.,dex,Futarchy AMM,defillama-harvest
U422,Model a decentralized exchange contract based on Tigris Mezo V3 and describe its core behavior at a high level.,dex,Tigris Mezo V3,defillama-harvest
U423,Define a token contract based on StakeEase and describe its core behavior at a high level.,token,StakeEase,defillama-harvest
U424,Outline an on-chain game contract based on FootballManager and describe its core mechanism at a high level.,gaming,FootballManager,defillama-harvest
U425,Outline a governance contract based on Koral Finance and describe its primary function at a high level.,governance,Koral Finance,defillama-harvest
U426,Specify a real-world asset tokenization contract based on BlackRock BUIDL and describe its core behavior at a high level.,rwa,BlackRock BUIDL,defillama-harvest
U427,Outline a staking contract based on Benqi Staked Avax and describe its core behavior at a high level.,staking,Benqi Staked Avax,defillama-harvest
U428,Outline a decentralized exchange contract based on Fluxion Network and describe its core mechanism at a high level.,dex,Fluxion Network,defillama-harvest
U429,Design a cross-chain bridge contract based on Optimism Bridge and describe its core mechanism at a high level.,bridge,Optimism Bridge,defillama-harvest
U430,Model a governance contract based on Service Nervous Systems and describe its core mechanism at a high level.,governance,Service Nervous Systems,defillama-harvest
U431,Design a payments contract based on Retreeb and describe its core mechanism at a high level.,payments,Retreeb,defillama-harvest
U432,Specify a lending protocol based on Euler V2 and describe its core behavior at a high level.,lending,Euler V2,defillama-harvest
U433,Outline a prediction market contract based on Astro and describe its core mechanism at a high level.,prediction,Astro,defillama-harvest
U434,Define an on-chain game contract based on VersaGames and describe its core behavior at a high level.,gaming,VersaGames,defillama-harvest
U435,Specify a staking contract based on Meta Pool ETH and describe its primary function at a high level.,staking,Meta Pool ETH,defillama-harvest
U436,Define a prediction market contract based on BetHash and describe its primary function at a high level.,prediction,BetHash,defillama-harvest
U437,Design an NFT contract based on HoneyPlay Marketplace and describe its main flows at a high level.,nft,HoneyPlay Marketplace,defillama-harvest
U438,Model a real-world asset tokenization contract based on Circle USYC and describe its core mechanism at a high level.,rwa,Circle USYC,defillama-harvest
U439,Specify a payments contract based on Kivach and describe its main flows at a high level.,payments,Kivach,defillama-harvest
U440,Specify a stablecoin contract based on MoneyOnChain and describe its primary function at a high level.,stablecoin,MoneyOnChain,defillama-harvest
U441,Create a real-world asset tokenization contract based on KUMA Protocol and describe its core behavior at a high level.,rwa,KUMA Protocol,defillama-harvest
U442,Model a real-world asset tokenization contract based on Byzanlink RWA Markets and describe its core behavior at a high level.,rwa,Byzanlink RWA Markets,defillama-harvest
U443,Model a payments contract based on Gitcoin and describe its primary function at a high level.,payments,Gitcoin,defillama-harvest
U444,Outline a cross-chain bridge contract based on Merlins Seal and describe its primary function at a high level.,bridge,Merlins Seal,defillama-harvest
U445,Specify a derivatives contract based on AnyHedge and describe its main flows at a high level.,derivatives,AnyHedge,defillama-harvest
U446,Specify a stablecoin contract based on Sigmausd and describe its core mechanism at a high level.,stablecoin,Sigmausd,defillama-harvest
U447,Model a staking contract based on Liquid Collective and describe its core behavior at a high level.,staking,Liquid Collective,defillama-harvest
U448,Design a yield strategy contract based on Bucket Farm and describe its core behavior at a high level.,yield,Bucket Farm,defillama-harvest
U449,Model a lending protocol based on Rhea Lend and describe its core behavior at a high level.,lending,Rhea Lend,defillama-harvest
U450,Design a privacy-preserving contract based on Nata Network and describe its primary function at a high level.,privacy,Nata Network,defillama-harvest
U451,Specify a cross-chain bridge contract based on Polygon zkEVM Bridge and describe its core behavior at a high level.,bridge,Polygon zkEVM Bridge,defillama-harvest
U452,Define a governance contract based on OpenEden PRISM and describe its core mechanism at a high level.,governance,OpenEden PRISM,defillama-harvest
U453,Design a real-world asset tokenization contract based on Defa By InvoiceMate and describe its main flows at a high level.,rwa,Defa By InvoiceMate,defillama-harvest
U454,Design a real-world asset tokenization contract based on Etherfuse and describe its main flows at a high level.,rwa,Etherfuse,defillama-harvest
U455,Model a governance contract based on Aera V3 and describe its core mechanism at a high level.,governance,Aera V3,defillama-harvest
U456,Outline a decentralized exchange contract based on Merchant Moe Liquidity Book and describe its main flows at a high level.,dex,Merchant Moe Liquidity Book,defillama-harvest
U457,Design a governance contract based on Grove Finance and describe its main flows at a high level.,governance,Grove Finance,defillama-harvest
U458,Model an NFT contract based on Sweep n Flip and describe its main flows at a high level.,nft,Sweep n Flip,defillama-harvest
U459,Define a token launchpad contract based on Juicebox V1 and describe its main flows at a high level.,launchpad,Juicebox V1,defillama-harvest
U460,Outline a real-world asset tokenization contract based on Invesco USTB and describe its core behavior at a high level.,rwa,Invesco USTB,defillama-harvest
U461,Design an on-chain game contract based on PandaLand and describe its core mechanism at a high level.,gaming,PandaLand,defillama-harvest
U462,Model a decentralized exchange contract based on Meteora DLMM and describe its main flows at a high level.,dex,Meteora DLMM,defillama-harvest
U463,Model a token contract based on Domani Protocol and describe its core behavior at a high level.,token,Domani Protocol,defillama-harvest
U464,Design a token contract based on Hot Takes and describe its core behavior at a high level.,token,Hot Takes,defillama-harvest
U465,Outline a price oracle contract based on Mycelia Signal and describe its core behavior at a high level.,oracle,Mycelia Signal,defillama-harvest
U466,Outline an NFT contract based on Kanvas and describe its core mechanism at a high level.,nft,Kanvas,defillama-harvest
U467,Define a payments contract based on Exa Card and describe its core mechanism at a high level.,payments,Exa Card,defillama-harvest
U468,Model an NFT contract based on Vexy and describe its primary function at a high level.,nft,Vexy,defillama-harvest
U469,Outline a payments contract based on LlamaPay and describe its main flows at a high level.,payments,LlamaPay,defillama-harvest
U470,Define an on-chain game contract based on VaultWin and describe its core mechanism at a high level.,gaming,VaultWin,defillama-harvest
U471,Outline an NFT contract based on manifold.xyz and describe its core mechanism at a high level.,nft,manifold.xyz,defillama-harvest
U472,Specify a stablecoin contract based on Mento V2 and describe its primary function at a high level.,stablecoin,Mento V2,defillama-harvest
U473,Define a cross-chain bridge contract based on Scroll Bridge and describe its core behavior at a high level.,bridge,Scroll Bridge,defillama-harvest
U474,Design a real-world asset tokenization contract based on CANA Holdings California Carbon Credits and describe its core behavior at a high level.,rwa,CANA Holdings California Carbon Credits,defillama-harvest
U475,Create a token contract based on Mellow and describe its main flows at a high level.,token,Mellow,defillama-harvest
U476,Create a payments contract based on Kolo Card and describe its main flows at a high level.,payments,Kolo Card,defillama-harvest
U477,Outline a derivatives contract based on Arcus Perps and describe its main flows at a high level.,derivatives,Arcus Perps,defillama-harvest
U478,Create a prediction market contract based on dripit and describe its core mechanism at a high level.,prediction,dripit,defillama-harvest
U479,Design a yield strategy contract based on Noon and describe its primary function at a high level.,yield,Noon,defillama-harvest
U480,Model a smart account contract based on Base App and describe its primary function at a high level.,wallet,Base App,defillama-harvest
U481,Outline a yield strategy contract based on Bitway Earn and describe its core behavior at a high level.,yield,Bitway Earn,defillama-harvest
U482,Model a derivatives contract based on Polynomial Trade and describe its core mechanism at a high level.,derivatives,Polynomial Trade,defillama-harvest
U483,Outline an NFT contract based on Collector Crypt and describe its primary function at a high level.,nft,Collector Crypt,defillama-harvest
U484,Specify a payments contract based on Ready Card and describe its core behavior at a high level.,payments,Ready Card,defillama-harvest
U485,Outline a stablecoin contract based on SpiritDAO and describe its primary function at a high level.,stablecoin,SpiritDAO,defillama-harvest
U486,Design a token contract based on DiversiFi and describe its core behavior at a high level.,token,DiversiFi,defillama-harvest
U487,Model a lending protocol based on Exactly and describe its main flows at a high level.,lending,Exactly,defillama-harvest
U488,Define an on-chain insurance contract based on Cork Phoenix and describe its core mechanism at a high level.,insurance,Cork Phoenix,defillama-harvest
U489,Create a derivatives contract based on Synthetix V4 and describe its primary function at a high level.,derivatives,Synthetix V4,defillama-harvest
U490,Design a stablecoin contract based on Life DAO and describe its core mechanism at a high level.,stablecoin,Life DAO,defillama-harvest
U491,Define a prediction market contract based on Alpha Arcade and describe its main flows at a high level.,prediction,Alpha Arcade,defillama-harvest
U492,Outline an on-chain game contract based on World of Dypians and describe its core behavior at a high level.,gaming,World of Dypians,defillama-harvest
U493,Model an on-chain game contract based on Aavegotchi and describe its core behavior at a high level.,gaming,Aavegotchi,defillama-harvest
U494,Specify a real-world asset tokenization contract based on OpenEden TBILL and describe its main flows at a high level.,rwa,OpenEden TBILL,defillama-harvest
U495,Outline a payments contract based on Sushi Furo and describe its core behavior at a high level.,payments,Sushi Furo,defillama-harvest
U496,Design a token launchpad contract based on BigPump and describe its core behavior at a high level.,launchpad,BigPump,defillama-harvest
U497,Define an NFT contract based on Element NFT Marketplace and describe its main flows at a high level.,nft,Element NFT Marketplace,defillama-harvest
U498,Specify a yield strategy contract based on Harmonix Finance and describe its main flows at a high level.,yield,Harmonix Finance,defillama-harvest
U499,Model a real-world asset tokenization contract based on Mansory and describe its main flows at a high level.,rwa,Mansory,defillama-harvest
U500,Specify a lending protocol based on cSigma Finance and describe its main flows at a high level.,lending,cSigma Finance,defillama-harvest
U501,Create a derivatives contract based on Reya Perps and describe its main flows at a high level.,derivatives,Reya Perps,defillama-harvest
U502,Outline a lending protocol based on Felix CDP and describe its primary function at a high level.,lending,Felix CDP,defillama-harvest
U503,Define a prediction market contract based on O.LAB and describe its core mechanism at a high level.,prediction,O.LAB,defillama-harvest
U504,Design an on-chain game contract based on AtmosSoft and describe its core behavior at a high level.,gaming,AtmosSoft,defillama-harvest
U505,Define an NFT contract based on Collex and describe its core behavior at a high level.,nft,Collex,defillama-harvest
U506,Outline a real-world asset tokenization contract based on OpenEden USDO and describe its core behavior at a high level.,rwa,OpenEden USDO,defillama-harvest
U507,Design a token launchpad contract based on ChainGPT and describe its core mechanism at a high level.,launchpad,ChainGPT,defillama-harvest
U508,Design a decentralized exchange contract based on Sanctum Infinity and describe its core mechanism at a high level.,dex,Sanctum Infinity,defillama-harvest
U509,Design a cross-chain bridge contract based on StandX Bridge and describe its primary function at a high level.,bridge,StandX Bridge,defillama-harvest
U510,Outline a governance contract based on T3tris Finance and describe its main flows at a high level.,governance,T3tris Finance,defillama-harvest
U511,Model a stablecoin contract based on V3S Finance and describe its primary function at a high level.,stablecoin,V3S Finance,defillama-harvest
U512,Create a lending protocol based on Benqi Lending and describe its core behavior at a high level.,lending,Benqi Lending,defillama-harvest
U513,Specify an on-chain game contract based on Sacra and describe its primary function at a high level.,gaming,Sacra,defillama-harvest
U514,Create a prediction market contract based on Xmarket and describe its core mechanism at a high level.,prediction,Xmarket,defillama-harvest
U515,Define a real-world asset tokenization contract based on Paimon and describe its primary function at a high level.,rwa,Paimon,defillama-harvest
U516,Specify a payments contract based on SoulBound Finance and describe its core behavior at a high level.,payments,SoulBound Finance,defillama-harvest
U517,Model a yield strategy contract based on GrowiHF and describe its primary function at a high level.,yield,GrowiHF,defillama-harvest
U518,Create a token contract based on Kassandra DAO and describe its main flows at a high level.,token,Kassandra DAO,defillama-harvest
U519,Specify a stablecoin contract based on MoonDao and describe its primary function at a high level.,stablecoin,MoonDao,defillama-harvest
U520,Define a token contract based on Arch and describe its main flows at a high level.,token,Arch,defillama-harvest
U521,Design a staking contract based on Infrared Finance and describe its main flows at a high level.,staking,Infrared Finance,defillama-harvest
U522,Define a governance contract based on DewFinance and describe its primary function at a high level.,governance,DewFinance,defillama-harvest
U523,Model a privacy-preserving contract based on Veil Cash and describe its core mechanism at a high level.,privacy,Veil Cash,defillama-harvest
U524,Define a token contract based on Global Balanced Liquidity Index and describe its primary function at a high level.,token,Global Balanced Liquidity Index,defillama-harvest
U525,Define a lending protocol based on USD AI and describe its core mechanism at a high level.,lending,USD AI,defillama-harvest
U526,Model an on-chain game contract based on Kintara and describe its main flows at a high level.,gaming,Kintara,defillama-harvest
U527,Design a governance contract based on SharpLink Gaming and describe its main flows at a high level.,governance,SharpLink Gaming,defillama-harvest
U528,Specify an on-chain game contract based on Creo Engine and describe its core behavior at a high level.,gaming,Creo Engine,defillama-harvest
U529,Outline an NFT contract based on Pull.fun and describe its core behavior at a high level.,nft,Pull.fun,defillama-harvest
U530,Create a cross-chain bridge contract based on NEAR Bridge and describe its primary function at a high level.,bridge,NEAR Bridge,defillama-harvest
U531,Define a token contract based on Simps and describe its core mechanism at a high level.,token,Simps,defillama-harvest
U532,Outline a derivatives contract based on Extended Perps and describe its primary function at a high level.,derivatives,Extended Perps,defillama-harvest
U533,Design a privacy-preserving contract based on Voidify and describe its core mechanism at a high level.,privacy,Voidify,defillama-harvest
U534,Specify a derivatives contract based on DipCoin Perps and describe its core behavior at a high level.,derivatives,DipCoin Perps,defillama-harvest
U535,Create a real-world asset tokenization contract based on stUSDT and describe its core behavior at a high level.,rwa,stUSDT,defillama-harvest
U536,Create a yield strategy contract based on AFI Protocol and describe its core behavior at a high level.,yield,AFI Protocol,defillama-harvest
U537,Model a token launchpad contract based on Mixpad and describe its core behavior at a high level.,launchpad,Mixpad,defillama-harvest
U538,Design a derivatives contract based on Ribbon Earn and describe its main flows at a high level.,derivatives,Ribbon Earn,defillama-harvest
U539,Create a token launchpad contract based on Peeps and describe its primary function at a high level.,launchpad,Peeps,defillama-harvest
U540,Create an NFT contract based on RIP.FUN and describe its core mechanism at a high level.,nft,RIP.FUN,defillama-harvest
U541,Outline a prediction market contract based on Windfall Lotto and describe its core mechanism at a high level.,prediction,Windfall Lotto,defillama-harvest
U542,Create a governance contract based on YieldNest and describe its core mechanism at a high level.,governance,YieldNest,defillama-harvest
U543,Specify a token launchpad contract based on ZOO.FUN and describe its core mechanism at a high level.,launchpad,ZOO.FUN,defillama-harvest
U544,Design a derivatives contract based on Youves and describe its primary function at a high level.,derivatives,Youves,defillama-harvest
U545,Specify a governance contract based on LobbyFi and describe its primary function at a high level.,governance,LobbyFi,defillama-harvest
U546,Create an on-chain insurance contract based on Marquee and describe its main flows at a high level.,insurance,Marquee,defillama-harvest
U547,Design an NFT contract based on Caviar V1 and describe its main flows at a high level.,nft,Caviar V1,defillama-harvest
U548,Design a token contract based on PieDAO and describe its main flows at a high level.,token,PieDAO,defillama-harvest
U549,Model a prediction market contract based on Trueo and describe its core mechanism at a high level.,prediction,Trueo,defillama-harvest
U550,Outline a token launchpad contract based on UniDerp and describe its core behavior at a high level.,launchpad,UniDerp,defillama-harvest
U551,Outline a staking contract based on Stader and describe its primary function at a high level.,staking,Stader,defillama-harvest
U552,Model a cross-chain bridge contract based on Manta Pacific and describe its primary function at a high level.,bridge,Manta Pacific,defillama-harvest
U553,Define a prediction market contract based on Jackson Protocol and describe its core behavior at a high level.,prediction,Jackson Protocol,defillama-harvest
U554,Create a governance contract based on Aumo and describe its core mechanism at a high level.,governance,Aumo,defillama-harvest
U555,Define a cross-chain bridge contract based on Lombard BTC.b and describe its primary function at a high level.,bridge,Lombard BTC.b,defillama-harvest
U556,Define an NFT contract based on Collection.xyz and describe its core mechanism at a high level.,nft,Collection.xyz,defillama-harvest
U557,Model a stablecoin contract based on WagmiDAO and describe its core mechanism at a high level.,stablecoin,WagmiDAO,defillama-harvest
U558,Create a derivatives contract based on dYdX V4 and describe its core behavior at a high level.,derivatives,dYdX V4,defillama-harvest
U559,Define a cross-chain bridge contract based on Endurance Bridge and describe its primary function at a high level.,bridge,Endurance Bridge,defillama-harvest
U560,Specify an on-chain insurance contract based on Ante Finance and describe its main flows at a high level.,insurance,Ante Finance,defillama-harvest
U561,Design a prediction market contract based on Augur and describe its primary function at a high level.,prediction,Augur,defillama-harvest
U562,Design a yield strategy contract based on CLever and describe its primary function at a high level.,yield,CLever,defillama-harvest
U563,Model a decentralized exchange contract based on PotatoSwap V2 and describe its core behavior at a high level.,dex,PotatoSwap V2,defillama-harvest
U564,Design a lending protocol based on MetalX Lending and describe its core mechanism at a high level.,lending,MetalX Lending,defillama-harvest
U565,Outline a derivatives contract based on ELFi Protocol and describe its core mechanism at a high level.,derivatives,ELFi Protocol,defillama-harvest
U566,Create a token launchpad contract based on Unihood and describe its primary function at a high level.,launchpad,Unihood,defillama-harvest
U567,Create a prediction market contract based on Punk.Coffee and describe its main flows at a high level.,prediction,Punk.Coffee,defillama-harvest
U1506,Model a derivatives contract based on Jarvis Network and describe its core mechanism at a high level.,derivatives,Jarvis Network,defillama-harvest
U568,Design a lending protocol based on Twyne and describe its main flows at a high level.,lending,Twyne,defillama-harvest
U569,Create a privacy-preserving contract based on Hinkal and describe its core behavior at a high level.,privacy,Hinkal,defillama-harvest
U570,Create a lending protocol based on Wildcat Protocol and describe its main flows at a high level.,lending,Wildcat Protocol,defillama-harvest
U571,Create a yield strategy contract based on Liminal Basis and describe its primary function at a high level.,yield,Liminal Basis,defillama-harvest
U572,Define a derivatives contract based on Metronome Synth and describe its core behavior at a high level.,derivatives,Metronome Synth,defillama-harvest
U573,Model a lending protocol based on JustLend V1 and describe its primary function at a high level.,lending,JustLend V1,defillama-harvest
U574,Define a decentralized exchange contract based on Katana DEX and describe its main flows at a high level.,dex,Katana DEX,defillama-harvest
U575,Create a privacy-preserving contract based on Aztec Connect and describe its core behavior at a high level.,privacy,Aztec Connect,defillama-harvest
U576,Specify a decentralized exchange contract based on Ekubo and describe its core mechanism at a high level.,dex,Ekubo,defillama-harvest
U577,Outline a token contract based on Chainchat and describe its core behavior at a high level.,token,Chainchat,defillama-harvest
U578,Model a lending protocol based on Scallop Lend and describe its main flows at a high level.,lending,Scallop Lend,defillama-harvest
U579,Create an NFT contract based on NextRare and describe its core behavior at a high level.,nft,NextRare,defillama-harvest
U580,Design a real-world asset tokenization contract based on Sygnum FIUSD Liquidity Fund and describe its primary function at a high level.,rwa,Sygnum FIUSD Liquidity Fund,defillama-harvest
U1507,Design a lending protocol based on Revert Lend and describe its main flows at a high level.,lending,Revert Lend,defillama-harvest
U581,Create a privacy-preserving contract based on Zapfi and describe its primary function at a high level.,privacy,Zapfi,defillama-harvest
U582,Specify a stablecoin contract based on Idols and describe its primary function at a high level.,stablecoin,Idols,defillama-harvest
U583,Outline a token contract based on Cook Finance and describe its primary function at a high level.,token,Cook Finance,defillama-harvest
U584,Outline a token contract based on fan.fun and describe its primary function at a high level.,token,fan.fun,defillama-harvest
U585,Define a decentralized exchange contract based on VVS Standard and describe its core mechanism at a high level.,dex,VVS Standard,defillama-harvest
U586,Create a privacy-preserving contract based on Silent Protocol and describe its core mechanism at a high level.,privacy,Silent Protocol,defillama-harvest
U587,Outline a governance contract based on Kadena Cabinet and describe its core behavior at a high level.,governance,Kadena Cabinet,defillama-harvest
U588,Model a decentralized exchange contract based on HyperSwap V3 and describe its core behavior at a high level.,dex,HyperSwap V3,defillama-harvest
U589,Create a cross-chain bridge contract based on SoDEX Bridge and describe its main flows at a high level.,bridge,SoDEX Bridge,defillama-harvest
U590,Define a token launchpad contract based on iDos Games and describe its primary function at a high level.,launchpad,iDos Games,defillama-harvest
U591,Design an on-chain insurance contract based on Guard-Helmet and describe its primary function at a high level.,insurance,Guard-Helmet,defillama-harvest
U592,Specify a stablecoin contract based on Coffin Finance and describe its core mechanism at a high level.,stablecoin,Coffin Finance,defillama-harvest
U593,Create a lending protocol based on Inverse Finance FiRM and describe its core behavior at a high level.,lending,Inverse Finance FiRM,defillama-harvest
U594,Model a decentralized exchange contract based on PumpSwap and describe its primary function at a high level.,dex,PumpSwap,defillama-harvest
U595,Design a staking contract based on StakeStone STONE and describe its core behavior at a high level.,staking,StakeStone STONE,defillama-harvest
U596,Define a real-world asset tokenization contract based on Anzen V2 and describe its main flows at a high level.,rwa,Anzen V2,defillama-harvest
U597,Outline an NFT contract based on TNA Protocol and describe its core behavior at a high level.,nft,TNA Protocol,defillama-harvest
U598,Define a lending protocol based on Sovryn Zero and describe its core behavior at a high level.,lending,Sovryn Zero,defillama-harvest
U599,Model a staking contract based on Avalon CeDeFi and describe its core behavior at a high level.,staking,Avalon CeDeFi,defillama-harvest
U600,Outline a decentralized exchange contract based on Enosys AMM V3 and describe its core mechanism at a high level.,dex,Enosys AMM V3,defillama-harvest
U601,Define an on-chain game contract based on CatsApes and describe its core behavior at a high level.,gaming,CatsApes,defillama-harvest
U602,Design a staking contract based on NodeDAO and describe its core behavior at a high level.,staking,NodeDAO,defillama-harvest
U603,Model an on-chain game contract based on Forge Game and describe its core mechanism at a high level.,gaming,Forge Game,defillama-harvest
U604,Create a token contract based on Reserve Protocol and describe its main flows at a high level.,token,Reserve Protocol,defillama-harvest
U605,Design a real-world asset tokenization contract based on CACHE.Gold and describe its primary function at a high level.,rwa,CACHE.Gold,defillama-harvest
U606,Outline a lending protocol based on Vena Finance and describe its primary function at a high level.,lending,Vena Finance,defillama-harvest
U607,Outline a derivatives contract based on Perpetual Protocol and describe its core behavior at a high level.,derivatives,Perpetual Protocol,defillama-harvest
U608,Specify a prediction market contract based on Bodega Market and describe its primary function at a high level.,prediction,Bodega Market,defillama-harvest
U609,Model a stablecoin contract based on Papa DAO and describe its core behavior at a high level.,stablecoin,Papa DAO,defillama-harvest
U610,Create a real-world asset tokenization contract based on Binaryx Platform and describe its core mechanism at a high level.,rwa,Binaryx Platform,defillama-harvest
U611,Model a governance contract based on UFarm Digital and describe its core behavior at a high level.,governance,UFarm Digital,defillama-harvest
U612,Specify a decentralized exchange contract based on Swaap Maker V2 and describe its primary function at a high level.,dex,Swaap Maker V2,defillama-harvest
U613,Define a yield strategy contract based on StableHodl and describe its core mechanism at a high level.,yield,StableHodl,defillama-harvest
U614,Design a real-world asset tokenization contract based on Usual EUR0 and describe its core mechanism at a high level.,rwa,Usual EUR0,defillama-harvest
U615,Model a derivatives contract based on Premia V3 and describe its core mechanism at a high level.,derivatives,Premia V3,defillama-harvest
U616,Create a staking contract based on Lido and describe its main flows at a high level.,staking,Lido,defillama-harvest
U617,Define a decentralized exchange contract based on PulseX V1 and describe its core behavior at a high level.,dex,PulseX V1,defillama-harvest
U618,Model an on-chain insurance contract based on Solace and describe its core behavior at a high level.,insurance,Solace,defillama-harvest
U619,Specify an on-chain game contract based on Bitmap Game and describe its main flows at a high level.,gaming,Bitmap Game,defillama-harvest
U620,Specify a stablecoin contract based on Moth Finance and describe its core behavior at a high level.,stablecoin,Moth Finance,defillama-harvest
U621,Model a token launchpad contract based on Riddle and describe its primary function at a high level.,launchpad,Riddle,defillama-harvest
U622,Model a privacy-preserving contract based on Nocturne and describe its core mechanism at a high level.,privacy,Nocturne,defillama-harvest
U623,Create a real-world asset tokenization contract based on RealtyX and describe its main flows at a high level.,rwa,RealtyX,defillama-harvest
U624,Specify a stablecoin contract based on Generic.Money and describe its primary function at a high level.,stablecoin,Generic.Money,defillama-harvest
U625,Outline a decentralized exchange contract based on BisonFi and describe its primary function at a high level.,dex,BisonFi,defillama-harvest
U626,Design a token launchpad contract based on wen markets and describe its main flows at a high level.,launchpad,wen markets,defillama-harvest
U627,Design a staking contract based on Gate SOL and describe its core behavior at a high level.,staking,Gate SOL,defillama-harvest
U628,Create a token contract based on Yay! and describe its core mechanism at a high level.,token,Yay!,defillama-harvest
U629,Define a token launchpad contract based on RH.fun and describe its core behavior at a high level.,launchpad,RH.fun,defillama-harvest
U631,Define a cross-chain bridge contract based on Symbiosis and describe its main flows at a high level.,bridge,Symbiosis,defillama-harvest
U632,Create a lending protocol based on Bucket CDP and describe its core behavior at a high level.,lending,Bucket CDP,defillama-harvest
U633,Define a token launchpad contract based on Antex and describe its main flows at a high level.,launchpad,Antex,defillama-harvest
U634,Design a token contract based on Metera Protocol and describe its core mechanism at a high level.,token,Metera Protocol,defillama-harvest
U635,Outline a privacy-preserving contract based on Privacy Pools and describe its core mechanism at a high level.,privacy,Privacy Pools,defillama-harvest
U636,Outline a prediction market contract based on Probable and describe its core behavior at a high level.,prediction,Probable,defillama-harvest
U637,Outline an on-chain insurance contract based on Lunos and describe its core behavior at a high level.,insurance,Lunos,defillama-harvest
U638,Define a staking contract based on BitFi BTC and describe its core behavior at a high level.,staking,BitFi BTC,defillama-harvest
U639,Define a prediction market contract based on Rollspace and describe its main flows at a high level.,prediction,Rollspace,defillama-harvest
U640,Define a decentralized exchange contract based on ACryptoS and describe its primary function at a high level.,dex,ACryptoS,defillama-harvest
U641,Design a staking contract based on EigenCloud and describe its core mechanism at a high level.,staking,EigenCloud,defillama-harvest
U642,Model an NFT contract based on Punks Terminal and describe its primary function at a high level.,nft,Punks Terminal,defillama-harvest
U643,Model a real-world asset tokenization contract based on Solv Vesting and describe its primary function at a high level.,rwa,Solv Vesting,defillama-harvest
U644,Model a yield strategy contract based on Syntropia and describe its core behavior at a high level.,yield,Syntropia,defillama-harvest
U645,Outline an on-chain insurance contract based on Unslashed and describe its primary function at a high level.,insurance,Unslashed,defillama-harvest
U646,Model a real-world asset tokenization contract based on LiveArt and describe its primary function at a high level.,rwa,LiveArt,defillama-harvest
U647,Create a stablecoin contract based on Lumi Finance and describe its main flows at a high level.,stablecoin,Lumi Finance,defillama-harvest
U648,Design a governance contract based on Gain and describe its core mechanism at a high level.,governance,Gain,defillama-harvest
U649,Create a lending protocol based on Jupiter Lend and describe its core mechanism at a high level.,lending,Jupiter Lend,defillama-harvest
U650,Design a prediction market contract based on Divvy.Bet and describe its main flows at a high level.,prediction,Divvy.Bet,defillama-harvest
U651,Design a yield strategy contract based on Aster asBNB and describe its core mechanism at a high level.,yield,Aster asBNB,defillama-harvest
U652,Define a privacy-preserving contract based on Encoins and describe its primary function at a high level.,privacy,Encoins,defillama-harvest
U653,Design a token launchpad contract based on Meme Wallet and describe its main flows at a high level.,launchpad,Meme Wallet,defillama-harvest
U654,Model a derivatives contract based on Fulcrom Perps and describe its primary function at a high level.,derivatives,Fulcrom Perps,defillama-harvest
U655,Outline a real-world asset tokenization contract based on Aktionariat and describe its core behavior at a high level.,rwa,Aktionariat,defillama-harvest
U656,Model a prediction market contract based on Unihedge and describe its primary function at a high level.,prediction,Unihedge,defillama-harvest
U657,Outline an on-chain game contract based on Luchadores and describe its primary function at a high level.,gaming,Luchadores,defillama-harvest
U658,Define a governance contract based on Extra Finance Vaults and describe its core mechanism at a high level.,governance,Extra Finance Vaults,defillama-harvest
U659,Model a cross-chain bridge contract based on RSK Bridge and describe its main flows at a high level.,bridge,RSK Bridge,defillama-harvest
U660,Design an on-chain insurance contract based on Tidal Finance and describe its main flows at a high level.,insurance,Tidal Finance,defillama-harvest
U661,Define a staking contract based on Binance Staked SOL and describe its core behavior at a high level.,staking,Binance Staked SOL,defillama-harvest
U662,Outline a decentralized exchange contract based on Tempo Stablecoin Dex and describe its core behavior at a high level.,dex,Tempo Stablecoin Dex,defillama-harvest
U663,Define a stablecoin contract based on Dogewhale and describe its primary function at a high level.,stablecoin,Dogewhale,defillama-harvest
U664,Specify a staking contract based on ether.fi Stake and describe its core behavior at a high level.,staking,ether.fi Stake,defillama-harvest
U665,Define a lending protocol based on HyperLend Pooled and describe its core mechanism at a high level.,lending,HyperLend Pooled,defillama-harvest
U666,Model a token launchpad contract based on IMPOSSIBLE and describe its primary function at a high level.,launchpad,IMPOSSIBLE,defillama-harvest
U667,Design a governance contract based on Mezo Earn and describe its main flows at a high level.,governance,Mezo Earn,defillama-harvest
U668,Model a yield strategy contract based on Fusion by IPOR and describe its primary function at a high level.,yield,Fusion by IPOR,defillama-harvest
U669,Create a derivatives contract based on Jupiter Perpetual Exchange and describe its primary function at a high level.,derivatives,Jupiter Perpetual Exchange,defillama-harvest
U1508,Specify a prediction market contract based on Lotto Run and describe its core behavior at a high level.,prediction,Lotto Run,defillama-harvest
U670,Create an NFT contract based on OmniHub and describe its primary function at a high level.,nft,OmniHub,defillama-harvest
U671,Specify a governance contract based on Angles Liquid and describe its core behavior at a high level.,governance,Angles Liquid,defillama-harvest
U672,Define a prediction market contract based on Clutch Markets Predictions and describe its main flows at a high level.,prediction,Clutch Markets Predictions,defillama-harvest
U673,Specify a yield strategy contract based on Katana Pre-Launch and describe its core behavior at a high level.,yield,Katana Pre-Launch,defillama-harvest
U674,Create a stablecoin contract based on RIF ON CHAIN and describe its primary function at a high level.,stablecoin,RIF ON CHAIN,defillama-harvest
U675,Specify a governance contract based on TradingStrategy and describe its core behavior at a high level.,governance,TradingStrategy,defillama-harvest
U676,Model a decentralized exchange contract based on Stellar AMM and describe its main flows at a high level.,dex,Stellar AMM,defillama-harvest
U677,Model a token locking contract based on RobinFlow and describe its primary function at a high level.,security,RobinFlow,defillama-harvest
U678,Define a cross-chain bridge contract based on FAssets and describe its primary function at a high level.,bridge,FAssets,defillama-harvest
U679,Define an NFT contract based on NFT Hive and describe its primary function at a high level.,nft,NFT Hive,defillama-harvest
U680,Specify a decentralized exchange contract based on Project X and describe its primary function at a high level.,dex,Project X,defillama-harvest
U681,Specify a derivatives contract based on Hyperliquid HLP and describe its primary function at a high level.,derivatives,Hyperliquid HLP,defillama-harvest
U682,Specify a stablecoin contract based on Flat Money V2 and describe its core mechanism at a high level.,stablecoin,Flat Money V2,defillama-harvest
U683,Design a price oracle contract based on Erinaceus VRF and describe its core mechanism at a high level.,oracle,Erinaceus VRF,defillama-harvest
U684,Create a lending protocol based on Fraxlend and describe its main flows at a high level.,lending,Fraxlend,defillama-harvest
U685,Design a derivatives contract based on Katana Perps and describe its main flows at a high level.,derivatives,Katana Perps,defillama-harvest
U686,Outline a lending protocol based on Symbiotic and describe its main flows at a high level.,lending,Symbiotic,defillama-harvest
U1509,Outline a decentralized exchange contract based on Icarus CL and describe its primary function at a high level.,dex,Icarus CL,defillama-harvest
U687,Design an NFT contract based on Spaace NFT Marketplace and describe its main flows at a high level.,nft,Spaace NFT Marketplace,defillama-harvest
U688,Define a token launchpad contract based on Flap sh and describe its core mechanism at a high level.,launchpad,Flap sh,defillama-harvest
U689,Outline a prediction market contract based on TopCut Finance and describe its primary function at a high level.,prediction,TopCut Finance,defillama-harvest
U690,Outline a stablecoin contract based on Spice Trade and describe its core mechanism at a high level.,stablecoin,Spice Trade,defillama-harvest
U691,Create an NFT contract based on Intswap and describe its main flows at a high level.,nft,Intswap,defillama-harvest
U692,Create a yield strategy contract based on Avant avUSD and describe its core mechanism at a high level.,yield,Avant avUSD,defillama-harvest
U693,Specify a cross-chain bridge contract based on APX Bridge and describe its primary function at a high level.,bridge,APX Bridge,defillama-harvest
U694,Outline an NFT contract based on SuperRare and describe its core behavior at a high level.,nft,SuperRare,defillama-harvest
U695,Create a staking contract based on Haedal Protocol and describe its core behavior at a high level.,staking,Haedal Protocol,defillama-harvest
U696,Create a cross-chain bridge contract based on Ring Few and describe its core mechanism at a high level.,bridge,Ring Few,defillama-harvest
U697,Specify a token contract based on Neutrino and describe its core behavior at a high level.,token,Neutrino,defillama-harvest
U698,Specify a yield strategy contract based on Aura and describe its core mechanism at a high level.,yield,Aura,defillama-harvest
U699,Create a governance contract based on Untangled Vault and describe its core mechanism at a high level.,governance,Untangled Vault,defillama-harvest
U700,Model a yield strategy contract based on Exponent Yield Exchange and describe its primary function at a high level.,yield,Exponent Yield Exchange,defillama-harvest
U701,Design a decentralized exchange contract based on Hyperliquid Spot Orderbook and describe its main flows at a high level.,dex,Hyperliquid Spot Orderbook,defillama-harvest
U702,Specify an NFT contract based on pxswap and describe its core mechanism at a high level.,nft,pxswap,defillama-harvest
U703,Specify a stablecoin contract based on USX.Capital and describe its core behavior at a high level.,stablecoin,USX.Capital,defillama-harvest
U704,Specify a stablecoin contract based on Blindex and describe its core mechanism at a high level.,stablecoin,Blindex,defillama-harvest
U705,Create a governance contract based on Neutral Trade and describe its main flows at a high level.,governance,Neutral Trade,defillama-harvest
U706,Define a token launchpad contract based on GasPump and describe its core mechanism at a high level.,launchpad,GasPump,defillama-harvest
U707,Design a token contract based on BasketDAO and describe its main flows at a high level.,token,BasketDAO,defillama-harvest
U708,Create a staking contract based on Ankr and describe its core behavior at a high level.,staking,Ankr,defillama-harvest
U709,Outline a lending protocol based on crvUSD and describe its primary function at a high level.,lending,crvUSD,defillama-harvest
U710,Design a prediction market contract based on Moocon and describe its primary function at a high level.,prediction,Moocon,defillama-harvest
U711,Specify a token contract based on Symmetry and describe its primary function at a high level.,token,Symmetry,defillama-harvest
U712,Outline a real-world asset tokenization contract based on Toucan Protocol and describe its core behavior at a high level.,rwa,Toucan Protocol,defillama-harvest
U713,Define an NFT contract based on Solana Name Service and describe its main flows at a high level.,nft,Solana Name Service,defillama-harvest
U714,Specify a cross-chain bridge contract based on JustCryptos and describe its core behavior at a high level.,bridge,JustCryptos,defillama-harvest
U715,Design a governance contract based on Realms and describe its core behavior at a high level.,governance,Realms,defillama-harvest
U716,Define a token launchpad contract based on Bio Protocol and describe its core behavior at a high level.,launchpad,Bio Protocol,defillama-harvest
U717,Model a prediction market contract based on Myriad Markets and describe its primary function at a high level.,prediction,Myriad Markets,defillama-harvest
U718,Specify a token launchpad contract based on PowaDAP and describe its primary function at a high level.,launchpad,PowaDAP,defillama-harvest
U719,Outline a stablecoin contract based on Pegasusdollar and describe its main flows at a high level.,stablecoin,Pegasusdollar,defillama-harvest
U720,Create an on-chain insurance contract based on Sherlock and describe its primary function at a high level.,insurance,Sherlock,defillama-harvest
U721,Design a token contract based on Agility LSD and describe its core behavior at a high level.,token,Agility LSD,defillama-harvest
U722,Create an NFT contract based on ZORA Marketplace and describe its core behavior at a high level.,nft,ZORA Marketplace,defillama-harvest
U723,Model a token launchpad contract based on Wonton and describe its core behavior at a high level.,launchpad,Wonton,defillama-harvest
U724,Create a governance contract based on Theoriq Gold Vault and describe its core mechanism at a high level.,governance,Theoriq Gold Vault,defillama-harvest
U725,Define a real-world asset tokenization contract based on HiYield and describe its primary function at a high level.,rwa,HiYield,defillama-harvest
U726,Outline a payments contract based on Hash PayLink and describe its primary function at a high level.,payments,Hash PayLink,defillama-harvest
U727,Specify a privacy-preserving contract based on Offshore Cash and describe its core behavior at a high level.,privacy,Offshore Cash,defillama-harvest
U728,Outline a payments contract based on Sablier Legacy and describe its main flows at a high level.,payments,Sablier Legacy,defillama-harvest
U729,Outline a cross-chain bridge contract based on Unit and describe its core behavior at a high level.,bridge,Unit,defillama-harvest
U730,Outline a price oracle contract based on Pyth Pro and describe its main flows at a high level.,oracle,Pyth Pro,defillama-harvest
U731,Define a privacy-preserving contract based on Status and describe its core behavior at a high level.,privacy,Status,defillama-harvest
U732,Outline an on-chain insurance contract based on Risk Harbor and describe its core behavior at a high level.,insurance,Risk Harbor,defillama-harvest
U733,Define a staking contract based on mETH Protocol and describe its main flows at a high level.,staking,mETH Protocol,defillama-harvest
U734,Define a stablecoin contract based on Pulse Rate and describe its primary function at a high level.,stablecoin,Pulse Rate,defillama-harvest
U735,Specify a staking contract based on Bitget SOL and describe its core behavior at a high level.,staking,Bitget SOL,defillama-harvest
U736,Define a stablecoin contract based on SenpaiSwap and describe its main flows at a high level.,stablecoin,SenpaiSwap,defillama-harvest
U1510,Outline a decentralized exchange contract based on MetalX Dex and describe its primary function at a high level.,dex,MetalX Dex,defillama-harvest
U737,Outline a prediction market contract based on Livara and describe its main flows at a high level.,prediction,Livara,defillama-harvest
U738,Define a staking contract based on Lombard LBTC and describe its main flows at a high level.,staking,Lombard LBTC,defillama-harvest
U739,Model a derivatives contract based on SOFA.org and describe its main flows at a high level.,derivatives,SOFA.org,defillama-harvest
U740,Specify an NFT contract based on LooksRare and describe its core mechanism at a high level.,nft,LooksRare,defillama-harvest
U741,Create a token launchpad contract based on boop.fun and describe its main flows at a high level.,launchpad,boop.fun,defillama-harvest
U742,Specify a stablecoin contract based on Fei Protocol and describe its primary function at a high level.,stablecoin,Fei Protocol,defillama-harvest
U743,Design an on-chain insurance contract based on Armor and describe its core mechanism at a high level.,insurance,Armor,defillama-harvest
U744,Outline an NFT contract based on Beezie and describe its core behavior at a high level.,nft,Beezie,defillama-harvest
U1511,Model a decentralized exchange contract based on BSCSwap and describe its main flows at a high level.,dex,BSCSwap,defillama-harvest
U746,Model an NFT contract based on flooor.fun and describe its core mechanism at a high level.,nft,flooor.fun,defillama-harvest
U747,Define a decentralized exchange contract based on Kamino Liquidity and describe its main flows at a high level.,dex,Kamino Liquidity,defillama-harvest
U748,Design a derivatives contract based on Drift Trade and describe its core mechanism at a high level.,derivatives,Drift Trade,defillama-harvest
U749,Define a governance contract based on Valence and describe its core mechanism at a high level.,governance,Valence,defillama-harvest
U750,Create a prediction market contract based on DropCopy and describe its core mechanism at a high level.,prediction,DropCopy,defillama-harvest
U751,Create a staking contract based on Starknet BTC Staking and describe its core mechanism at a high level.,staking,Starknet BTC Staking,defillama-harvest
U752,Define a staking contract based on Jito Liquid Staking and describe its main flows at a high level.,staking,Jito Liquid Staking,defillama-harvest
U753,Design a prediction market contract based on Gacha Markets and describe its core behavior at a high level.,prediction,Gacha Markets,defillama-harvest
U754,Outline a token contract based on TagDotTech and describe its core behavior at a high level.,token,TagDotTech,defillama-harvest
U755,Model a token launchpad contract based on bot.fun and describe its core mechanism at a high level.,launchpad,bot.fun,defillama-harvest
U756,Create a yield strategy contract based on BounceBit CeDeFi Yield and describe its core behavior at a high level.,yield,BounceBit CeDeFi Yield,defillama-harvest
U757,Design a token locking contract based on RadLock and describe its main flows at a high level.,security,RadLock,defillama-harvest
U758,Design a token launchpad contract based on DexPad and describe its primary function at a high level.,launchpad,DexPad,defillama-harvest
U759,Define a prediction market contract based on Chisino and describe its main flows at a high level.,prediction,Chisino,defillama-harvest
U760,Create a governance contract based on Spectra MetaVaults Outside V2 and describe its core mechanism at a high level.,governance,Spectra MetaVaults Outside V2,defillama-harvest
U761,Model a governance contract based on Perena Vaults and describe its core mechanism at a high level.,governance,Perena Vaults,defillama-harvest
U762,Create a prediction market contract based on Prophet and describe its core mechanism at a high level.,prediction,Prophet,defillama-harvest
U763,Design a token contract based on unshETH and describe its main flows at a high level.,token,unshETH,defillama-harvest
U764,Model a staking contract based on Bitlayer YBTC Family and describe its main flows at a high level.,staking,Bitlayer YBTC Family,defillama-harvest
U766,Create a cross-chain bridge contract based on Orbit Bridge and describe its main flows at a high level.,bridge,Orbit Bridge,defillama-harvest
U767,Outline a yield strategy contract based on Royco V2 and describe its core behavior at a high level.,yield,Royco V2,defillama-harvest
U768,Specify a staking contract based on Jupiter Staked SOL and describe its primary function at a high level.,staking,Jupiter Staked SOL,defillama-harvest
U769,Outline a smart account contract based on Human ID and describe its primary function at a high level.,wallet,Human ID,defillama-harvest
U770,Outline a governance contract based on International Meme Fund V2 and describe its core behavior at a high level.,governance,International Meme Fund V2,defillama-harvest
U771,Define a staking contract based on Meta Pool Near and describe its main flows at a high level.,staking,Meta Pool Near,defillama-harvest
U772,Model a cross-chain bridge contract based on Binance Bitcoin and describe its core behavior at a high level.,bridge,Binance Bitcoin,defillama-harvest
U773,Outline a staking contract based on Kyros and describe its core mechanism at a high level.,staking,Kyros,defillama-harvest
U774,Outline a derivatives contract based on Strike Finance Perpetuals and describe its core mechanism at a high level.,derivatives,Strike Finance Perpetuals,defillama-harvest
U775,Model a token contract based on Touch.fan and describe its core behavior at a high level.,token,Touch.fan,defillama-harvest
U776,Model a decentralized exchange contract based on Serum and describe its main flows at a high level.,dex,Serum,defillama-harvest
U777,Specify a privacy-preserving contract based on Privacy Cash and describe its core behavior at a high level.,privacy,Privacy Cash,defillama-harvest
U778,Design a governance contract based on Superfund and describe its main flows at a high level.,governance,Superfund,defillama-harvest
U779,Design a staking contract based on Marinade Native and describe its core mechanism at a high level.,staking,Marinade Native,defillama-harvest
U780,Model a yield strategy contract based on BounceBit Prime and describe its primary function at a high level.,yield,BounceBit Prime,defillama-harvest
U781,Model a governance contract based on Upshift and describe its primary function at a high level.,governance,Upshift,defillama-harvest
U782,Create a real-world asset tokenization contract based on Solayer USD and describe its primary function at a high level.,rwa,Solayer USD,defillama-harvest
U783,Model a token contract based on Follows and describe its main flows at a high level.,token,Follows,defillama-harvest
U784,Outline a yield strategy contract based on Yield Yak Aggregator and describe its main flows at a high level.,yield,Yield Yak Aggregator,defillama-harvest
U785,Outline a yield strategy contract based on Belt Finance and describe its main flows at a high level.,yield,Belt Finance,defillama-harvest
U786,Specify an on-chain game contract based on Dexioprotocol and describe its primary function at a high level.,gaming,Dexioprotocol,defillama-harvest
U787,Model an on-chain game contract based on StarCrazy and describe its primary function at a high level.,gaming,StarCrazy,defillama-harvest
U788,Specify a lending protocol based on Homora V2 and describe its core mechanism at a high level.,lending,Homora V2,defillama-harvest
U789,Create an on-chain game contract based on Crack And Stack and describe its primary function at a high level.,gaming,Crack And Stack,defillama-harvest
U790,Design a token contract based on Money Mates and describe its core behavior at a high level.,token,Money Mates,defillama-harvest
U791,Define a smart account contract based on Rainbow Wallet and describe its core mechanism at a high level.,wallet,Rainbow Wallet,defillama-harvest
U792,Design a governance contract based on Solv Strategies and describe its primary function at a high level.,governance,Solv Strategies,defillama-harvest
U793,Create an NFT contract based on JPG Store and describe its core behavior at a high level.,nft,JPG Store,defillama-harvest
U794,Specify a stablecoin contract based on DarkCrypto and describe its core mechanism at a high level.,stablecoin,DarkCrypto,defillama-harvest
U795,Outline a derivatives contract based on Lighter Robinhood Perps and describe its core behavior at a high level.,derivatives,Lighter Robinhood Perps,defillama-harvest
U796,Model a cross-chain bridge contract based on Synapse Cross Chain Bridge and describe its primary function at a high level.,bridge,Synapse Cross Chain Bridge,defillama-harvest
U797,Create a token launchpad contract based on Gate Fun and describe its main flows at a high level.,launchpad,Gate Fun,defillama-harvest
U798,Model a cross-chain bridge contract based on Function FBTC and describe its core mechanism at a high level.,bridge,Function FBTC,defillama-harvest
U799,Outline a cross-chain bridge contract based on tBTC and describe its main flows at a high level.,bridge,tBTC,defillama-harvest
U800,Outline a governance contract based on Rigoblock and describe its core mechanism at a high level.,governance,Rigoblock,defillama-harvest
U802,Specify an on-chain game contract based on Fren Pets and describe its core mechanism at a high level.,gaming,Fren Pets,defillama-harvest
U803,Outline a stablecoin contract based on OrderNChaos and describe its primary function at a high level.,stablecoin,OrderNChaos,defillama-harvest
U804,Specify a lending protocol based on Native Credit Pool and describe its primary function at a high level.,lending,Native Credit Pool,defillama-harvest
U805,Outline a cross-chain bridge contract based on SuiBridge and describe its core mechanism at a high level.,bridge,SuiBridge,defillama-harvest
U806,Create a token launchpad contract based on DxSale and describe its main flows at a high level.,launchpad,DxSale,defillama-harvest
U807,Model a cross-chain bridge contract based on Ink Bridge and describe its core mechanism at a high level.,bridge,Ink Bridge,defillama-harvest
U808,Define an NFT contract based on Immutable Orderbook and describe its core behavior at a high level.,nft,Immutable Orderbook,defillama-harvest
U809,Outline a stablecoin contract based on Nirvana V2 and describe its core behavior at a high level.,stablecoin,Nirvana V2,defillama-harvest
U810,Create a stablecoin contract based on Gluon Gold and describe its primary function at a high level.,stablecoin,Gluon Gold,defillama-harvest
U811,Define an on-chain game contract based on Farm Hero and describe its main flows at a high level.,gaming,Farm Hero,defillama-harvest
U812,Model an on-chain game contract based on Showdown and describe its primary function at a high level.,gaming,Showdown,defillama-harvest
U813,Create a payments contract based on Spritz Card and describe its primary function at a high level.,payments,Spritz Card,defillama-harvest
U814,Specify a token launchpad contract based on RobinFun and describe its primary function at a high level.,launchpad,RobinFun,defillama-harvest
U815,Specify a real-world asset tokenization contract based on Meld Gold and describe its core behavior at a high level.,rwa,Meld Gold,defillama-harvest
U816,Model a cross-chain bridge contract based on Mantle Bridge and describe its core behavior at a high level.,bridge,Mantle Bridge,defillama-harvest
U817,Model an on-chain game contract based on Ispolink and describe its primary function at a high level.,gaming,Ispolink,defillama-harvest
U818,Design a stablecoin contract based on DogeDollar and describe its main flows at a high level.,stablecoin,DogeDollar,defillama-harvest
U819,Design a yield strategy contract based on Concentrator and describe its core behavior at a high level.,yield,Concentrator,defillama-harvest
U820,Outline a decentralized exchange contract based on Sushi Stellar and describe its main flows at a high level.,dex,Sushi Stellar,defillama-harvest
U821,Model an on-chain game contract based on Civitia Game and describe its core behavior at a high level.,gaming,Civitia Game,defillama-harvest
U822,Create an on-chain game contract based on Axie Infinity and describe its core mechanism at a high level.,gaming,Axie Infinity,defillama-harvest
U823,Create an NFT contract based on Sudoswap V2 and describe its core mechanism at a high level.,nft,Sudoswap V2,defillama-harvest
U824,Specify a staking contract based on DoubleZero Staked SOL and describe its core mechanism at a high level.,staking,DoubleZero Staked SOL,defillama-harvest
U825,Design an on-chain insurance contract based on Bridge Mutual and describe its main flows at a high level.,insurance,Bridge Mutual,defillama-harvest
U826,Specify a prediction market contract based on SuiMarket and describe its main flows at a high level.,prediction,SuiMarket,defillama-harvest
U827,Model a payments contract based on Helio and describe its primary function at a high level.,payments,Helio,defillama-harvest
U828,Design a price oracle contract based on Orcfax and describe its main flows at a high level.,oracle,Orcfax,defillama-harvest
U829,Design a lending protocol based on Alpaca Leveraged Yield Farming and describe its core mechanism at a high level.,lending,Alpaca Leveraged Yield Farming,defillama-harvest
U830,Specify a lending protocol based on Extra Finance Leverage Farming and describe its core mechanism at a high level.,lending,Extra Finance Leverage Farming,defillama-harvest
U831,Model a yield strategy contract based on Origin ARM and describe its primary function at a high level.,yield,Origin ARM,defillama-harvest
U832,Outline an on-chain game contract based on Manarium and describe its core mechanism at a high level.,gaming,Manarium,defillama-harvest
U833,Outline an on-chain game contract based on DogeClaw and describe its main flows at a high level.,gaming,DogeClaw,defillama-harvest
U834,Define a lending protocol based on Loopscale and describe its primary function at a high level.,lending,Loopscale,defillama-harvest
U835,Specify a cross-chain bridge contract based on Sophon Bridge and describe its primary function at a high level.,bridge,Sophon Bridge,defillama-harvest
U836,Specify a token contract based on hi.market and describe its main flows at a high level.,token,hi.market,defillama-harvest
U837,Model a staking contract based on Binance staked ETH and describe its core mechanism at a high level.,staking,Binance staked ETH,defillama-harvest
U838,Design a token launchpad contract based on OkieLaunch and describe its core mechanism at a high level.,launchpad,OkieLaunch,defillama-harvest
U839,Specify a derivatives contract based on Pacifica Perps and describe its main flows at a high level.,derivatives,Pacifica Perps,defillama-harvest
U840,Outline a yield strategy contract based on Pendle and describe its main flows at a high level.,yield,Pendle,defillama-harvest
U841,Design a decentralized exchange contract based on STON.fi and describe its primary function at a high level.,dex,STON.fi,defillama-harvest
U842,Design a payments contract based on Sablier Flow and describe its main flows at a high level.,payments,Sablier Flow,defillama-harvest
U843,Create an on-chain game contract based on AstarFarm and describe its core mechanism at a high level.,gaming,AstarFarm,defillama-harvest
U844,Specify a stablecoin contract based on Dre Finance and describe its core mechanism at a high level.,stablecoin,Dre Finance,defillama-harvest
U845,Define a cross-chain bridge contract based on Chain Fusion and describe its primary function at a high level.,bridge,Chain Fusion,defillama-harvest
U846,Specify a derivatives contract based on Storm Trade and describe its core behavior at a high level.,derivatives,Storm Trade,defillama-harvest
U847,Create a cross-chain bridge contract based on tzBTC and describe its core behavior at a high level.,bridge,tzBTC,defillama-harvest
U848,Create a decentralized exchange contract based on Aquarius Stellar and describe its main flows at a high level.,dex,Aquarius Stellar,defillama-harvest
U849,Define a cross-chain bridge contract based on World Chain and describe its main flows at a high level.,bridge,World Chain,defillama-harvest
U850,Create a governance contract based on Seamless Vaults and describe its core mechanism at a high level.,governance,Seamless Vaults,defillama-harvest
U851,Outline a staking contract based on Adrastea Validator and describe its core behavior at a high level.,staking,Adrastea Validator,defillama-harvest
U852,Create a yield strategy contract based on Falcon Finance and describe its main flows at a high level.,yield,Falcon Finance,defillama-harvest
U853,Outline a yield strategy contract based on DeFindex and describe its primary function at a high level.,yield,DeFindex,defillama-harvest
U854,Model a prediction market contract based on Nexter and describe its primary function at a high level.,prediction,Nexter,defillama-harvest
U855,Specify a derivatives contract based on Hegic and describe its primary function at a high level.,derivatives,Hegic,defillama-harvest
U856,Outline a token contract based on AlfaClub and describe its core mechanism at a high level.,token,AlfaClub,defillama-harvest
U857,Define a price oracle contract based on Pyth Entropy and describe its main flows at a high level.,oracle,Pyth Entropy,defillama-harvest
U1512,Design a governance contract based on Enosys Governance and describe its core behavior at a high level.,governance,Enosys Governance,defillama-harvest
U858,Create a prediction market contract based on Overtime and describe its core mechanism at a high level.,prediction,Overtime,defillama-harvest
U859,Design a decentralized exchange contract based on SyncSwap and describe its core mechanism at a high level.,dex,SyncSwap,defillama-harvest
U860,Define a yield strategy contract based on Swell L2 Farm and describe its core mechanism at a high level.,yield,Swell L2 Farm,defillama-harvest
U861,Define a lending protocol based on Figure Markets Democratized Prime and describe its core mechanism at a high level.,lending,Figure Markets Democratized Prime,defillama-harvest
U862,Outline a decentralized exchange contract based on Manifest Trade and describe its main flows at a high level.,dex,Manifest Trade,defillama-harvest
U863,Design a decentralized exchange contract based on MerlinSwap and describe its core behavior at a high level.,dex,MerlinSwap,defillama-harvest
U864,Model a staking contract based on Bedrock uniBTC and describe its core behavior at a high level.,staking,Bedrock uniBTC,defillama-harvest
U865,Define a prediction market contract based on Thaw and describe its primary function at a high level.,prediction,Thaw,defillama-harvest
U866,Outline a lending protocol based on Lista Lending and describe its primary function at a high level.,lending,Lista Lending,defillama-harvest
U867,Model a decentralized exchange contract based on Angstrom and describe its core mechanism at a high level.,dex,Angstrom,defillama-harvest
U868,Specify a lending protocol based on Tydro and describe its primary function at a high level.,lending,Tydro,defillama-harvest
U869,Outline a governance contract based on ForgeYields and describe its core mechanism at a high level.,governance,ForgeYields,defillama-harvest
U870,Define a stablecoin contract based on Ostable and describe its main flows at a high level.,stablecoin,Ostable,defillama-harvest
U871,Design a staking contract based on Sceptre Liquid and describe its core behavior at a high level.,staking,Sceptre Liquid,defillama-harvest
U872,Create a real-world asset tokenization contract based on BackedFi and describe its core mechanism at a high level.,rwa,BackedFi,defillama-harvest
U873,Outline an on-chain game contract based on HypePool and describe its core mechanism at a high level.,gaming,HypePool,defillama-harvest
U874,Model a cross-chain bridge contract based on Lighter Bridge and describe its core behavior at a high level.,bridge,Lighter Bridge,defillama-harvest
U875,Design a decentralized exchange contract based on SaucerSwap V2 and describe its core behavior at a high level.,dex,SaucerSwap V2,defillama-harvest
U876,Define an NFT contract based on Shibui DAO and describe its core mechanism at a high level.,nft,Shibui DAO,defillama-harvest
U877,Design a payments contract based on Playground and describe its main flows at a high level.,payments,Playground,defillama-harvest
U878,Define a decentralized exchange contract based on Snuggle and describe its core mechanism at a high level.,dex,Snuggle,defillama-harvest
U879,Outline a token locking contract based on Team Finance and describe its main flows at a high level.,security,Team Finance,defillama-harvest
U880,Define a decentralized exchange contract based on Nado Spot and describe its core mechanism at a high level.,dex,Nado Spot,defillama-harvest
U881,Model an on-chain game contract based on Parallel and describe its primary function at a high level.,gaming,Parallel,defillama-harvest
U882,Define a token contract based on Chamber Vaults and describe its primary function at a high level.,token,Chamber Vaults,defillama-harvest
U883,Model a prediction market contract based on OPINION and describe its core mechanism at a high level.,prediction,OPINION,defillama-harvest
U884,Specify a governance contract based on Gardens and describe its core mechanism at a high level.,governance,Gardens,defillama-harvest
U885,Define a prediction market contract based on PredX Ai and describe its main flows at a high level.,prediction,PredX Ai,defillama-harvest
U886,Design an on-chain game contract based on YOLO Games and describe its core mechanism at a high level.,gaming,YOLO Games,defillama-harvest
U887,Model a staking contract based on Kinetiq kmHYPE and describe its primary function at a high level.,staking,Kinetiq kmHYPE,defillama-harvest
U888,Outline a yield strategy contract based on Buzz Farming and describe its core behavior at a high level.,yield,Buzz Farming,defillama-harvest
U889,Create a prediction market contract based on Liquidity House and describe its core mechanism at a high level.,prediction,Liquidity House,defillama-harvest
U890,Define a real-world asset tokenization contract based on Verified Network and describe its primary function at a high level.,rwa,Verified Network,defillama-harvest
U891,Outline a privacy-preserving contract based on PrivCash and describe its main flows at a high level.,privacy,PrivCash,defillama-harvest
U892,Model an on-chain game contract based on Racoon.Bet and describe its primary function at a high level.,gaming,Racoon.Bet,defillama-harvest
U893,Define a token contract based on SoSoValue Indexes and describe its core mechanism at a high level.,token,SoSoValue Indexes,defillama-harvest
U894,Outline a staking contract based on Kinetiq kHYPE and describe its core behavior at a high level.,staking,Kinetiq kHYPE,defillama-harvest
U895,Create a token launchpad contract based on PinkSale and describe its primary function at a high level.,launchpad,PinkSale,defillama-harvest
U896,Model a staking contract based on xALGO Liquid Staking and describe its core mechanism at a high level.,staking,xALGO Liquid Staking,defillama-harvest
U897,Model a derivatives contract based on Bumpin Trade and describe its primary function at a high level.,derivatives,Bumpin Trade,defillama-harvest
U898,Create a lending protocol based on Overnight Finance and describe its core behavior at a high level.,lending,Overnight Finance,defillama-harvest
U899,Outline a governance contract based on VisionBoard Vault and describe its core behavior at a high level.,governance,VisionBoard Vault,defillama-harvest
U900,Define a derivatives contract based on Outcome Finance and describe its core mechanism at a high level.,derivatives,Outcome Finance,defillama-harvest
U901,Model a governance contract based on Government of Bhutan Crypto Reserve and describe its core behavior at a high level.,governance,Government of Bhutan Crypto Reserve,defillama-harvest
U902,Define a derivatives contract based on FlashTrade and describe its main flows at a high level.,derivatives,FlashTrade,defillama-harvest
U903,Design a stablecoin contract based on NoahArkDAO and describe its core behavior at a high level.,stablecoin,NoahArkDAO,defillama-harvest
U904,Design a decentralized exchange contract based on Chainge Finance and describe its main flows at a high level.,dex,Chainge Finance,defillama-harvest
U905,Define a decentralized exchange contract based on Pharaoh V3 and describe its core mechanism at a high level.,dex,Pharaoh V3,defillama-harvest
U906,Outline an on-chain game contract based on TopStrike and describe its main flows at a high level.,gaming,TopStrike,defillama-harvest
U907,Outline a governance contract based on SuperReturn and describe its core mechanism at a high level.,governance,SuperReturn,defillama-harvest
U908,Specify a decentralized exchange contract based on Meteora DAMM V1 and describe its primary function at a high level.,dex,Meteora DAMM V1,defillama-harvest
U909,Define a real-world asset tokenization contract based on Valos and describe its core mechanism at a high level.,rwa,Valos,defillama-harvest
U910,Design a lending protocol based on Templar Protocol and describe its primary function at a high level.,lending,Templar Protocol,defillama-harvest
U911,Design a cross-chain bridge contract based on SunX Bridge and describe its core behavior at a high level.,bridge,SunX Bridge,defillama-harvest
U912,Create a cross-chain bridge contract based on edgeX Bridge and describe its main flows at a high level.,bridge,edgeX Bridge,defillama-harvest
U913,Outline a token contract based on Friend3 and describe its core behavior at a high level.,token,Friend3,defillama-harvest
U914,Model a governance contract based on MaxShot and describe its primary function at a high level.,governance,MaxShot,defillama-harvest
U915,Design an NFT contract based on InfinityName and describe its main flows at a high level.,nft,InfinityName,defillama-harvest
U916,Specify a lending protocol based on cap and describe its primary function at a high level.,lending,cap,defillama-harvest
U917,Outline a token locking contract based on UNCX Network Solana and describe its core behavior at a high level.,security,UNCX Network Solana,defillama-harvest
U918,Define a real-world asset tokenization contract based on GoldFinger and describe its core mechanism at a high level.,rwa,GoldFinger,defillama-harvest
U919,Design a real-world asset tokenization contract based on Paxos Gold and describe its core mechanism at a high level.,rwa,Paxos Gold,defillama-harvest
U920,Model a lending protocol based on Summer.fi Pro and describe its core mechanism at a high level.,lending,Summer.fi Pro,defillama-harvest
U921,Outline a payments contract based on Angel Protocol and describe its main flows at a high level.,payments,Angel Protocol,defillama-harvest
U922,Specify a cross-chain bridge contract based on Base Bridge and describe its core mechanism at a high level.,bridge,Base Bridge,defillama-harvest
U923,Outline a token contract based on templ.fun and describe its primary function at a high level.,token,templ.fun,defillama-harvest
U924,Create a token launchpad contract based on Copump and describe its core behavior at a high level.,launchpad,Copump,defillama-harvest
U925,Model a token contract based on Chat3 and describe its primary function at a high level.,token,Chat3,defillama-harvest
U926,Outline a yield strategy contract based on Piku Finance and describe its core behavior at a high level.,yield,Piku Finance,defillama-harvest
U927,Create a staking contract based on Vishwa and describe its main flows at a high level.,staking,Vishwa,defillama-harvest
U928,Define a stablecoin contract based on Frax FPI and describe its main flows at a high level.,stablecoin,Frax FPI,defillama-harvest
U929,Create a derivatives contract based on Gains Network and describe its primary function at a high level.,derivatives,Gains Network,defillama-harvest
U930,Create a prediction market contract based on HypeMarket and describe its core mechanism at a high level.,prediction,HypeMarket,defillama-harvest
U931,Design a real-world asset tokenization contract based on DigiFT and describe its core mechanism at a high level.,rwa,DigiFT,defillama-harvest
U932,Define a yield strategy contract based on Spark Savings and describe its core mechanism at a high level.,yield,Spark Savings,defillama-harvest
U933,Design a prediction market contract based on Rush Sports and describe its main flows at a high level.,prediction,Rush Sports,defillama-harvest
U934,Define a stablecoin contract based on PirateDAO and describe its main flows at a high level.,stablecoin,PirateDAO,defillama-harvest
U935,Model a stablecoin contract based on SPOT Cash and describe its main flows at a high level.,stablecoin,SPOT Cash,defillama-harvest
U936,Specify a lending protocol based on RealT RMM Marketplace V2 and describe its core mechanism at a high level.,lending,RealT RMM Marketplace V2,defillama-harvest
U937,Specify a governance contract based on Ember Protocol and describe its primary function at a high level.,governance,Ember Protocol,defillama-harvest
U938,Model a decentralized exchange contract based on DOOAR V2 and describe its primary function at a high level.,dex,DOOAR V2,defillama-harvest
U939,Create a token contract based on Drawtech and describe its main flows at a high level.,token,Drawtech,defillama-harvest
U940,Outline a governance contract based on RAGE Protocol and describe its primary function at a high level.,governance,RAGE Protocol,defillama-harvest
U941,Define a governance contract based on ETH Strategy and describe its primary function at a high level.,governance,ETH Strategy,defillama-harvest
U942,Create a derivatives contract based on Cega V1 and describe its main flows at a high level.,derivatives,Cega V1,defillama-harvest
U943,Outline a token launchpad contract based on Ignix and describe its core mechanism at a high level.,launchpad,Ignix,defillama-harvest
U944,Design a derivatives contract based on Evedex and describe its main flows at a high level.,derivatives,Evedex,defillama-harvest
U945,Define a real-world asset tokenization contract based on Brickken and describe its core mechanism at a high level.,rwa,Brickken,defillama-harvest
U946,Create a staking contract based on Hubra Staked SOL and describe its primary function at a high level.,staking,Hubra Staked SOL,defillama-harvest
U947,Define a cross-chain bridge contract based on Stacks sBTC and describe its core mechanism at a high level.,bridge,Stacks sBTC,defillama-harvest
U948,Define a staking contract based on DFDV Staked SOL and describe its main flows at a high level.,staking,DFDV Staked SOL,defillama-harvest
U949,Design a stablecoin contract based on Saturn and describe its main flows at a high level.,stablecoin,Saturn,defillama-harvest
U950,Design a token launchpad contract based on Ape.Store and describe its core mechanism at a high level.,launchpad,Ape.Store,defillama-harvest
U951,Design a derivatives contract based on Parcl V3 and describe its core behavior at a high level.,derivatives,Parcl V3,defillama-harvest
U952,Design a smart account contract based on Binance Wallet and describe its primary function at a high level.,wallet,Binance Wallet,defillama-harvest
U953,Create a prediction market contract based on death.fun and describe its main flows at a high level.,prediction,death.fun,defillama-harvest
U954,Outline a derivatives contract based on Deri Protocol and describe its core mechanism at a high level.,derivatives,Deri Protocol,defillama-harvest
U955,Model a stablecoin contract based on dTRINITY dUSD and describe its primary function at a high level.,stablecoin,dTRINITY dUSD,defillama-harvest
U956,Create a decentralized exchange contract based on FstSwap and describe its primary function at a high level.,dex,FstSwap,defillama-harvest
U957,Define a token contract based on scoop and describe its core behavior at a high level.,token,scoop,defillama-harvest
U958,Define a cross-chain bridge contract based on Aster Bridge and describe its primary function at a high level.,bridge,Aster Bridge,defillama-harvest
U959,Specify a stablecoin contract based on Ara Finance and describe its core behavior at a high level.,stablecoin,Ara Finance,defillama-harvest
U960,Outline a staking contract based on Veno Finance and describe its core mechanism at a high level.,staking,Veno Finance,defillama-harvest
U961,Outline a prediction market contract based on Windfall and describe its primary function at a high level.,prediction,Windfall,defillama-harvest
U962,Design a derivatives contract based on Sudo Perps and describe its core behavior at a high level.,derivatives,Sudo Perps,defillama-harvest
U963,Specify an on-chain game contract based on LazyFi and describe its primary function at a high level.,gaming,LazyFi,defillama-harvest
U964,Create a lending protocol based on BitU Protocol and describe its main flows at a high level.,lending,BitU Protocol,defillama-harvest
U965,Design a governance contract based on Kal Mydas and describe its core mechanism at a high level.,governance,Kal Mydas,defillama-harvest
U966,Specify a yield strategy contract based on Strata Markets and describe its main flows at a high level.,yield,Strata Markets,defillama-harvest
U967,Design a derivatives contract based on KiloEx and describe its primary function at a high level.,derivatives,KiloEx,defillama-harvest
U968,Create a real-world asset tokenization contract based on Tether Gold and describe its core behavior at a high level.,rwa,Tether Gold,defillama-harvest
U969,Model an on-chain game contract based on Kamigotchi and describe its primary function at a high level.,gaming,Kamigotchi,defillama-harvest
U970,Create a stablecoin contract based on Vesq and describe its primary function at a high level.,stablecoin,Vesq,defillama-harvest
U971,Create an on-chain game contract based on Realms World and describe its primary function at a high level.,gaming,Realms World,defillama-harvest
U972,Design a derivatives contract based on PsyOptions and describe its core mechanism at a high level.,derivatives,PsyOptions,defillama-harvest
U973,Define a real-world asset tokenization contract based on xStocks and describe its core mechanism at a high level.,rwa,xStocks,defillama-harvest
U974,Model a real-world asset tokenization contract based on Landshare and describe its core behavior at a high level.,rwa,Landshare,defillama-harvest
U975,Outline a derivatives contract based on AFX LP and describe its main flows at a high level.,derivatives,AFX LP,defillama-harvest
U976,Design a real-world asset tokenization contract based on Stobox and describe its primary function at a high level.,rwa,Stobox,defillama-harvest
U977,Model a prediction market contract based on DeeppDAO and describe its main flows at a high level.,prediction,DeeppDAO,defillama-harvest
U978,Specify a staking contract based on Reti Pooling and describe its main flows at a high level.,staking,Reti Pooling,defillama-harvest
U979,Define a yield strategy contract based on Yearn Finance and describe its core behavior at a high level.,yield,Yearn Finance,defillama-harvest
U980,Specify a governance contract based on Peppercoin and describe its primary function at a high level.,governance,Peppercoin,defillama-harvest
U981,Specify an on-chain game contract based on AveForge and describe its primary function at a high level.,gaming,AveForge,defillama-harvest
U982,Create a decentralized exchange contract based on Camelot V3 and describe its core behavior at a high level.,dex,Camelot V3,defillama-harvest
U983,Create an on-chain game contract based on Diamond Coin and describe its main flows at a high level.,gaming,Diamond Coin,defillama-harvest
U984,Design a prediction market contract based on DoubleUp and describe its primary function at a high level.,prediction,DoubleUp,defillama-harvest
U985,Model an NFT contract based on NFTEarth and describe its primary function at a high level.,nft,NFTEarth,defillama-harvest
U986,Outline a lending protocol based on Vesu and describe its core behavior at a high level.,lending,Vesu,defillama-harvest
U987,Specify a token launchpad contract based on Memeta and describe its core mechanism at a high level.,launchpad,Memeta,defillama-harvest
U988,Model a lending protocol based on Flying Tulip Lend and describe its main flows at a high level.,lending,Flying Tulip Lend,defillama-harvest
U989,Design an NFT contract based on Tensor and describe its primary function at a high level.,nft,Tensor,defillama-harvest
U990,Define a staking contract based on BlazeStake and describe its core mechanism at a high level.,staking,BlazeStake,defillama-harvest
U991,Create a payments contract based on UniVoucher and describe its main flows at a high level.,payments,UniVoucher,defillama-harvest
U992,Design an on-chain game contract based on EnterDAO and describe its main flows at a high level.,gaming,EnterDAO,defillama-harvest
U1513,Design a yield strategy contract based on Quarry and describe its core behavior at a high level.,yield,Quarry,defillama-harvest
U1514,Model a derivatives contract based on Core Markets and describe its core mechanism at a high level.,derivatives,Core Markets,defillama-harvest
U993,Specify a real-world asset tokenization contract based on Untangled RWA and describe its core mechanism at a high level.,rwa,Untangled RWA,defillama-harvest
U994,Outline a lending protocol based on Vaulta REX and describe its main flows at a high level.,lending,Vaulta REX,defillama-harvest
U995,Define a decentralized exchange contract based on Arcadia V2 and describe its core mechanism at a high level.,dex,Arcadia V2,defillama-harvest
U996,Design a decentralized exchange contract based on Rhea Dex and describe its core behavior at a high level.,dex,Rhea Dex,defillama-harvest
U997,Model a cross-chain bridge contract based on zkSync Era txBridge and describe its core mechanism at a high level.,bridge,zkSync Era txBridge,defillama-harvest
U998,Outline an on-chain insurance contract based on Cozy V2 and describe its core behavior at a high level.,insurance,Cozy V2,defillama-harvest
U999,Create a decentralized exchange contract based on DODO AMM and describe its core mechanism at a high level.,dex,DODO AMM,defillama-harvest
U1000,Specify a real-world asset tokenization contract based on Bondlink Finance and describe its core behavior at a high level.,rwa,Bondlink Finance,defillama-harvest
U1001,Outline an on-chain insurance contract based on iTrust Finance and describe its primary function at a high level.,insurance,iTrust Finance,defillama-harvest
U1002,Create a derivatives contract based on Antarctic and describe its core mechanism at a high level.,derivatives,Antarctic,defillama-harvest
U1003,Design a stablecoin contract based on BakerDAO and describe its primary function at a high level.,stablecoin,BakerDAO,defillama-harvest
U1004,Define a lending protocol based on Kava Mint and describe its primary function at a high level.,lending,Kava Mint,defillama-harvest
U1005,Define a decentralized exchange contract based on Figure Markets Exchange and describe its primary function at a high level.,dex,Figure Markets Exchange,defillama-harvest
U1006,Specify a governance contract based on Turtle Club and describe its primary function at a high level.,governance,Turtle Club,defillama-harvest
U1007,Model a governance contract based on Concrete and describe its primary function at a high level.,governance,Concrete,defillama-harvest
U1008,Define a lending protocol based on Frankencoin and describe its core mechanism at a high level.,lending,Frankencoin,defillama-harvest
U1009,Design a lending protocol based on SparkLend and describe its primary function at a high level.,lending,SparkLend,defillama-harvest
U1010,Design an NFT contract based on NFPrompt and describe its primary function at a high level.,nft,NFPrompt,defillama-harvest
U1011,Create a real-world asset tokenization contract based on Propbase and describe its core mechanism at a high level.,rwa,Propbase,defillama-harvest
U1012,Model a privacy-preserving contract based on zkBob and describe its core behavior at a high level.,privacy,zkBob,defillama-harvest
U1013,Define a token launchpad contract based on Degen Express and describe its core mechanism at a high level.,launchpad,Degen Express,defillama-harvest
U1014,Design a lending protocol based on NAVI Lending and describe its core behavior at a high level.,lending,NAVI Lending,defillama-harvest
U1015,Outline a payments contract based on Tria Card and describe its main flows at a high level.,payments,Tria Card,defillama-harvest
U1016,Design a token contract based on Etherberry Finance and describe its primary function at a high level.,token,Etherberry Finance,defillama-harvest
U1017,Model a yield strategy contract based on Kinetiq Earn and describe its core behavior at a high level.,yield,Kinetiq Earn,defillama-harvest
U1018,Specify a token contract based on Nested and describe its main flows at a high level.,token,Nested,defillama-harvest
U1019,Outline a token contract based on Elyx Finance and describe its core mechanism at a high level.,token,Elyx Finance,defillama-harvest
U1020,Model a token locking contract based on Kerberus and describe its core mechanism at a high level.,security,Kerberus,defillama-harvest
U1021,Model a payments contract based on Karta Card and describe its primary function at a high level.,payments,Karta Card,defillama-harvest
U1023,Specify a yield strategy contract based on Hyperbeat Earn and describe its primary function at a high level.,yield,Hyperbeat Earn,defillama-harvest
U1024,Specify a cross-chain bridge contract based on PumpBTC and describe its main flows at a high level.,bridge,PumpBTC,defillama-harvest
U1025,Specify a stablecoin contract based on XUSD Money and describe its core behavior at a high level.,stablecoin,XUSD Money,defillama-harvest
U1026,Model a yield strategy contract based on Rysk V12 and describe its main flows at a high level.,yield,Rysk V12,defillama-harvest
U1027,Create an NFT contract based on FarmCats Market and describe its core behavior at a high level.,nft,FarmCats Market,defillama-harvest
U1028,Define a token launchpad contract based on Bitbond Sales and describe its core behavior at a high level.,launchpad,Bitbond Sales,defillama-harvest
U1029,Model a real-world asset tokenization contract based on CHATEAU and describe its main flows at a high level.,rwa,CHATEAU,defillama-harvest
U1030,Specify an on-chain game contract based on Rising Undead and describe its main flows at a high level.,gaming,Rising Undead,defillama-harvest
U1031,Model a lending protocol based on Tectonic and describe its primary function at a high level.,lending,Tectonic,defillama-harvest
U1032,Design a yield strategy contract based on Ethena USDe and describe its core behavior at a high level.,yield,Ethena USDe,defillama-harvest
U1033,Design a governance contract based on Rootstock Collective and describe its core behavior at a high level.,governance,Rootstock Collective,defillama-harvest
U1034,Design a token launchpad contract based on Bounce Finance and describe its main flows at a high level.,launchpad,Bounce Finance,defillama-harvest
U1035,Model a stablecoin contract based on FlareBank and describe its primary function at a high level.,stablecoin,FlareBank,defillama-harvest
U1036,Outline a decentralized exchange contract based on SparkDEX V4 and describe its core behavior at a high level.,dex,SparkDEX V4,defillama-harvest
U1037,Create a yield strategy contract based on AUTOfinance and describe its core mechanism at a high level.,yield,AUTOfinance,defillama-harvest
U1038,Outline a prediction market contract based on SX Bet and describe its main flows at a high level.,prediction,SX Bet,defillama-harvest
U1039,Design a real-world asset tokenization contract based on MatrixDock XAUM and describe its core behavior at a high level.,rwa,MatrixDock XAUM,defillama-harvest
U1040,Create a yield strategy contract based on Lorenzo sUSD1+ and describe its main flows at a high level.,yield,Lorenzo sUSD1+,defillama-harvest
U1041,Design a cross-chain bridge contract based on Linea Bridge and describe its main flows at a high level.,bridge,Linea Bridge,defillama-harvest
U1042,Outline a decentralized exchange contract based on Byreal and describe its core behavior at a high level.,dex,Byreal,defillama-harvest
U1043,Model a cross-chain bridge contract based on Nexus BTC and describe its core mechanism at a high level.,bridge,Nexus BTC,defillama-harvest
U1044,Design a yield strategy contract based on Avalon Superearn and describe its core behavior at a high level.,yield,Avalon Superearn,defillama-harvest
U1045,Outline a token launchpad contract based on MemeJob and describe its primary function at a high level.,launchpad,MemeJob,defillama-harvest
U1046,Model a derivatives contract based on Adrena Protocol and describe its primary function at a high level.,derivatives,Adrena Protocol,defillama-harvest
U1047,Model a staking contract based on JagPool Staked SOL and describe its main flows at a high level.,staking,JagPool Staked SOL,defillama-harvest
U1048,Design a yield strategy contract based on Vesper and describe its core mechanism at a high level.,yield,Vesper,defillama-harvest
U1049,Define a prediction market contract based on PredPred and describe its core mechanism at a high level.,prediction,PredPred,defillama-harvest
U1050,Model a stablecoin contract based on Snake Finance and describe its main flows at a high level.,stablecoin,Snake Finance,defillama-harvest
U1051,Create a yield strategy contract based on Scrub Invest and describe its main flows at a high level.,yield,Scrub Invest,defillama-harvest
U1052,Model a staking contract based on stHYPE and describe its main flows at a high level.,staking,stHYPE,defillama-harvest
U1053,Model a lending protocol based on Curve LlamaLend and describe its core behavior at a high level.,lending,Curve LlamaLend,defillama-harvest
U1054,Outline a lending protocol based on Reservoir Protocol and describe its primary function at a high level.,lending,Reservoir Protocol,defillama-harvest
U1055,Outline a stablecoin contract based on SaharaDAO and describe its main flows at a high level.,stablecoin,SaharaDAO,defillama-harvest
U1056,Define a cross-chain bridge contract based on Proxy and describe its main flows at a high level.,bridge,Proxy,defillama-harvest
U1057,Define a cross-chain bridge contract based on wTAO and describe its core behavior at a high level.,bridge,wTAO,defillama-harvest
U1058,Define an on-chain insurance contract based on Blend Backstop and describe its core mechanism at a high level.,insurance,Blend Backstop,defillama-harvest
U1059,Define an NFT contract based on Scatter and describe its primary function at a high level.,nft,Scatter,defillama-harvest
U1060,Design a payments contract based on Stablecoin for Impact and describe its core behavior at a high level.,payments,Stablecoin for Impact,defillama-harvest
U1061,Specify a yield strategy contract based on Aster USDF and describe its primary function at a high level.,yield,Aster USDF,defillama-harvest
U1062,Model a token launchpad contract based on Boardwalk and describe its primary function at a high level.,launchpad,Boardwalk,defillama-harvest
U1063,Design an NFT contract based on Pinyottas and describe its main flows at a high level.,nft,Pinyottas,defillama-harvest
U1064,Define a prediction market contract based on Meridian Predict and describe its core mechanism at a high level.,prediction,Meridian Predict,defillama-harvest
U1065,Outline a lending protocol based on Neverland and describe its core behavior at a high level.,lending,Neverland,defillama-harvest
U1066,Model a token contract based on fan.tech and describe its core mechanism at a high level.,token,fan.tech,defillama-harvest
U1067,Specify a yield strategy contract based on Sanctum Reserve and describe its main flows at a high level.,yield,Sanctum Reserve,defillama-harvest
U1068,Define a privacy-preserving contract based on Ghost Protocol and describe its core mechanism at a high level.,privacy,Ghost Protocol,defillama-harvest
U1069,Design a staking contract based on Puffer Stake and describe its primary function at a high level.,staking,Puffer Stake,defillama-harvest
U1070,Design a token launchpad contract based on DeepLock and describe its main flows at a high level.,launchpad,DeepLock,defillama-harvest
U1071,Create a yield strategy contract based on Lulo and describe its primary function at a high level.,yield,Lulo,defillama-harvest
U1072,Specify a lending protocol based on Origami Finance and describe its primary function at a high level.,lending,Origami Finance,defillama-harvest
U1073,Specify a prediction market contract based on Limitless Exchange and describe its core mechanism at a high level.,prediction,Limitless Exchange,defillama-harvest
U1074,Model a token contract based on Obyte Friends and describe its main flows at a high level.,token,Obyte Friends,defillama-harvest
U1075,Design a governance contract based on Lombard Vaults and describe its core behavior at a high level.,governance,Lombard Vaults,defillama-harvest
U1076,Define a yield strategy contract based on cVault Finance and describe its primary function at a high level.,yield,cVault Finance,defillama-harvest
U1077,Specify a yield strategy contract based on Huma Finance V2 and describe its main flows at a high level.,yield,Huma Finance V2,defillama-harvest
U1078,Model a stablecoin contract based on Apiary and describe its main flows at a high level.,stablecoin,Apiary,defillama-harvest
U1079,Specify a real-world asset tokenization contract based on Mountain Protocol and describe its primary function at a high level.,rwa,Mountain Protocol,defillama-harvest
U1080,Design an NFT contract based on Grail.xyz and describe its core behavior at a high level.,nft,Grail.xyz,defillama-harvest
U1081,Design a decentralized exchange contract based on Sovryn Dex and describe its core behavior at a high level.,dex,Sovryn Dex,defillama-harvest
U1082,Design a decentralized exchange contract based on Altura and describe its core mechanism at a high level.,dex,Altura,defillama-harvest
U1083,Model a payments contract based on RedotPay Card and describe its primary function at a high level.,payments,RedotPay Card,defillama-harvest
U1084,Design a stablecoin contract based on NOME Protocol and describe its core behavior at a high level.,stablecoin,NOME Protocol,defillama-harvest
U1085,Create a real-world asset tokenization contract based on Ondo Yield Assets and describe its core mechanism at a high level.,rwa,Ondo Yield Assets,defillama-harvest
U1086,Design a staking contract based on Kelp and describe its main flows at a high level.,staking,Kelp,defillama-harvest
U1087,Create a governance contract based on Veda and describe its primary function at a high level.,governance,Veda,defillama-harvest
U1088,Outline a real-world asset tokenization contract based on Vault Street primeUSD and describe its primary function at a high level.,rwa,Vault Street primeUSD,defillama-harvest
U1089,Design a derivatives contract based on SynFutures V3 and describe its main flows at a high level.,derivatives,SynFutures V3,defillama-harvest
U1090,Model a privacy-preserving contract based on Railgun and describe its core behavior at a high level.,privacy,Railgun,defillama-harvest
U1091,Specify a derivatives contract based on Opyn Convexity and describe its core behavior at a high level.,derivatives,Opyn Convexity,defillama-harvest
U1092,Specify a token contract based on Amun and describe its primary function at a high level.,token,Amun,defillama-harvest
U1093,Create a derivatives contract based on Meridian Perps and describe its main flows at a high level.,derivatives,Meridian Perps,defillama-harvest
U1094,Outline a staking contract based on Solayer Restaking and describe its main flows at a high level.,staking,Solayer Restaking,defillama-harvest
U1095,Outline a lending protocol based on AlphaFi Lending and describe its core mechanism at a high level.,lending,AlphaFi Lending,defillama-harvest
U1096,Design an NFT contract based on Basenames and describe its core behavior at a high level.,nft,Basenames,defillama-harvest
U1097,Specify a lending protocol based on Morpho Blue and describe its core mechanism at a high level.,lending,Morpho Blue,defillama-harvest
U1098,Design a real-world asset tokenization contract based on WisdomTree and describe its main flows at a high level.,rwa,WisdomTree,defillama-harvest
U1099,Define a token launchpad contract based on CreateMyToken and describe its primary function at a high level.,launchpad,CreateMyToken,defillama-harvest
U1100,Specify a yield strategy contract based on Beefy and describe its main flows at a high level.,yield,Beefy,defillama-harvest
U1101,Create a token locking contract based on TrustSwap and describe its core mechanism at a high level.,security,TrustSwap,defillama-harvest
U1102,Design an on-chain game contract based on Vidya and describe its main flows at a high level.,gaming,Vidya,defillama-harvest
U1103,Define a payments contract based on MonarchPay and describe its core mechanism at a high level.,payments,MonarchPay,defillama-harvest
U1104,Define a cross-chain bridge contract based on SUBFROST and describe its primary function at a high level.,bridge,SUBFROST,defillama-harvest
U1105,Outline a payments contract based on Kast Card and describe its core mechanism at a high level.,payments,Kast Card,defillama-harvest
U1106,Design an on-chain game contract based on Danzo App and describe its primary function at a high level.,gaming,Danzo App,defillama-harvest
U1107,Model a token launchpad contract based on flaunch and describe its core behavior at a high level.,launchpad,flaunch,defillama-harvest
U1108,Design a stablecoin contract based on Spicy DAO and describe its core mechanism at a high level.,stablecoin,Spicy DAO,defillama-harvest
U1109,Specify a decentralized exchange contract based on Aerodrome V1 and describe its main flows at a high level.,dex,Aerodrome V1,defillama-harvest
U1110,Outline a yield strategy contract based on Sphere Finance and describe its core behavior at a high level.,yield,Sphere Finance,defillama-harvest
U1111,Define a derivatives contract based on Arcus pTokens and describe its core mechanism at a high level.,derivatives,Arcus pTokens,defillama-harvest
U1112,Specify a governance contract based on Avant avBTC and describe its primary function at a high level.,governance,Avant avBTC,defillama-harvest
U1113,Create a staking contract based on WEMIX.FI Staking and describe its core behavior at a high level.,staking,WEMIX.FI Staking,defillama-harvest
U1114,Outline a token launchpad contract based on StonkBrokers and describe its primary function at a high level.,launchpad,StonkBrokers,defillama-harvest
U1115,Outline a smart account contract based on Ambire Wallet and describe its main flows at a high level.,wallet,Ambire Wallet,defillama-harvest
U1116,Specify a real-world asset tokenization contract based on T RIZE and describe its main flows at a high level.,rwa,T RIZE,defillama-harvest
U1117,Define a decentralized exchange contract based on Kodiak V3 and describe its core mechanism at a high level.,dex,Kodiak V3,defillama-harvest
U1118,Model a governance contract based on Lagoon and describe its primary function at a high level.,governance,Lagoon,defillama-harvest
U1119,Model a privacy-preserving contract based on Sherwood and describe its primary function at a high level.,privacy,Sherwood,defillama-harvest
U1120,Specify a cross-chain bridge contract based on Robinhood Chain Bridge and describe its main flows at a high level.,bridge,Robinhood Chain Bridge,defillama-harvest
U1515,Model a staking contract based on OpenGDP Shared Security and describe its core behavior at a high level.,staking,OpenGDP Shared Security,defillama-harvest
U1121,Outline a governance contract based on UltraYield Vaults and describe its core mechanism at a high level.,governance,UltraYield Vaults,defillama-harvest
U1122,Design a token contract based on Frensly and describe its primary function at a high level.,token,Frensly,defillama-harvest
U1123,Outline a stablecoin contract based on Hexal and describe its core mechanism at a high level.,stablecoin,Hexal,defillama-harvest
U1124,Specify a cross-chain bridge contract based on B2 Buzz and describe its primary function at a high level.,bridge,B2 Buzz,defillama-harvest
U1125,Outline a yield strategy contract based on Resolv USR and describe its core mechanism at a high level.,yield,Resolv USR,defillama-harvest
U1126,Outline a lending protocol based on Flux Finance and describe its core mechanism at a high level.,lending,Flux Finance,defillama-harvest
U1127,Outline a decentralized exchange contract based on Biswap V2 and describe its primary function at a high level.,dex,Biswap V2,defillama-harvest
U1128,Create a decentralized exchange contract based on Minswap DEX and describe its primary function at a high level.,dex,Minswap DEX,defillama-harvest
U1129,Design a governance contract based on CrystalClear and describe its primary function at a high level.,governance,CrystalClear,defillama-harvest
U1130,Model a prediction market contract based on Sport.fun and describe its core behavior at a high level.,prediction,Sport.fun,defillama-harvest
U1131,Create a governance contract based on Theoriq AlphaVault ETH and describe its main flows at a high level.,governance,Theoriq AlphaVault ETH,defillama-harvest
U1132,Outline an NFT contract based on Phygitals and describe its core mechanism at a high level.,nft,Phygitals,defillama-harvest
U1133,Create a staking contract based on Renzo and describe its main flows at a high level.,staking,Renzo,defillama-harvest
U1134,Design a token contract based on Tribe.run and describe its primary function at a high level.,token,Tribe.run,defillama-harvest
U1135,Design a stablecoin contract based on Dopple Finance and describe its primary function at a high level.,stablecoin,Dopple Finance,defillama-harvest
U1136,Define a real-world asset tokenization contract based on Lista RWA and describe its core mechanism at a high level.,rwa,Lista RWA,defillama-harvest
U1137,Design a token locking contract based on DaVinciGraph and describe its core behavior at a high level.,security,DaVinciGraph,defillama-harvest
U1138,Specify a derivatives contract based on DerivaDEX and describe its primary function at a high level.,derivatives,DerivaDEX,defillama-harvest
U1139,Specify a privacy-preserving contract based on Tonic Cash and describe its core behavior at a high level.,privacy,Tonic Cash,defillama-harvest
U1140,Outline a prediction market contract based on Suigar and describe its main flows at a high level.,prediction,Suigar,defillama-harvest
U1141,Create a decentralized exchange contract based on Tinyman and describe its main flows at a high level.,dex,Tinyman,defillama-harvest
U1142,Define a decentralized exchange contract based on IDEX V1 and describe its core behavior at a high level.,dex,IDEX V1,defillama-harvest
U1143,Define a prediction market contract based on ZKasino and describe its main flows at a high level.,prediction,ZKasino,defillama-harvest
U1144,Outline a cross-chain bridge contract based on Fuel Bridge and describe its core behavior at a high level.,bridge,Fuel Bridge,defillama-harvest
U1145,Model a governance contract based on Abacus and describe its core mechanism at a high level.,governance,Abacus,defillama-harvest
U1146,Create a real-world asset tokenization contract based on Nawa Protocol and describe its core mechanism at a high level.,rwa,Nawa Protocol,defillama-harvest
U1147,Design a stablecoin contract based on Tornadao and describe its primary function at a high level.,stablecoin,Tornadao,defillama-harvest
U1148,Outline a prediction market contract based on Entropyfi and describe its main flows at a high level.,prediction,Entropyfi,defillama-harvest
U1149,Define a stablecoin contract based on Syncus and describe its primary function at a high level.,stablecoin,Syncus,defillama-harvest
U1150,Model a decentralized exchange contract based on Valantis STEX and describe its main flows at a high level.,dex,Valantis STEX,defillama-harvest
U1151,Create a decentralized exchange contract based on Raydium AMM and describe its primary function at a high level.,dex,Raydium AMM,defillama-harvest
U1152,Specify a stablecoin contract based on Basis Cash and describe its primary function at a high level.,stablecoin,Basis Cash,defillama-harvest
U1153,Specify a token contract based on Vimen and describe its core mechanism at a high level.,token,Vimen,defillama-harvest
U1154,Outline a token contract based on Index Coop and describe its core behavior at a high level.,token,Index Coop,defillama-harvest
U1155,Define a privacy-preserving contract based on ShadeCash and describe its core behavior at a high level.,privacy,ShadeCash,defillama-harvest
U1156,Specify a derivatives contract based on BMX Freestyle and describe its main flows at a high level.,derivatives,BMX Freestyle,defillama-harvest
U1157,Specify a price oracle contract based on Nest Protocol Staking and describe its core mechanism at a high level.,oracle,Nest Protocol Staking,defillama-harvest
U1158,Specify an on-chain game contract based on MON Protocol and describe its core mechanism at a high level.,gaming,MON Protocol,defillama-harvest
U1159,Create a prediction market contract based on PredictStreet and describe its core mechanism at a high level.,prediction,PredictStreet,defillama-harvest
U1160,Create a governance contract based on Lendle Earn and describe its core mechanism at a high level.,governance,Lendle Earn,defillama-harvest
U1161,Specify a yield strategy contract based on Stellar DeFi Hub and describe its core behavior at a high level.,yield,Stellar DeFi Hub,defillama-harvest
U1162,Model a decentralized exchange contract based on Lista DEX and describe its core behavior at a high level.,dex,Lista DEX,defillama-harvest
U1163,Model a decentralized exchange contract based on Arrakis Modular and describe its primary function at a high level.,dex,Arrakis Modular,defillama-harvest
U1164,Design a decentralized exchange contract based on ApeSwap AMM and describe its main flows at a high level.,dex,ApeSwap AMM,defillama-harvest
U1165,Define an on-chain game contract based on Velhalla and describe its primary function at a high level.,gaming,Velhalla,defillama-harvest
U1166,Define a prediction market contract based on PoolTogether V3 and describe its main flows at a high level.,prediction,PoolTogether V3,defillama-harvest
U1167,Model a token locking contract based on Pocket Universe and describe its core behavior at a high level.,security,Pocket Universe,defillama-harvest
U1168,Outline a lending protocol based on Resupply and describe its core mechanism at a high level.,lending,Resupply,defillama-harvest
U1169,Design a stablecoin contract based on Ruby Finance and describe its main flows at a high level.,stablecoin,Ruby Finance,defillama-harvest
U1170,Outline a token launchpad contract based on Arena Launch and describe its primary function at a high level.,launchpad,Arena Launch,defillama-harvest
U1171,Define a yield strategy contract based on sDAI and describe its core behavior at a high level.,yield,sDAI,defillama-harvest
U1172,Model a cross-chain bridge contract based on Metis Bridge and describe its primary function at a high level.,bridge,Metis Bridge,defillama-harvest
U1173,Outline a token contract based on SharesGram and describe its main flows at a high level.,token,SharesGram,defillama-harvest
U1174,Outline a derivatives contract based on Rho X and describe its main flows at a high level.,derivatives,Rho X,defillama-harvest
U1175,Outline an on-chain game contract based on Jiko and describe its main flows at a high level.,gaming,Jiko,defillama-harvest
U1176,Define an NFT contract based on Mint Park and describe its primary function at a high level.,nft,Mint Park,defillama-harvest
U1177,Specify a yield strategy contract based on Bitwise USCC and describe its main flows at a high level.,yield,Bitwise USCC,defillama-harvest
U1178,Design a yield strategy contract based on Zircuit Staking and describe its core behavior at a high level.,yield,Zircuit Staking,defillama-harvest
U1179,Define a real-world asset tokenization contract based on Securitize Tokenized AAA CLO Fund and describe its core mechanism at a high level.,rwa,Securitize Tokenized AAA CLO Fund,defillama-harvest
U1180,Create a staking contract based on Valdora Finance and describe its core mechanism at a high level.,staking,Valdora Finance,defillama-harvest
U1181,Design a prediction market contract based on Ample and describe its main flows at a high level.,prediction,Ample,defillama-harvest
U1182,Design an on-chain game contract based on Spacebar and describe its main flows at a high level.,gaming,Spacebar,defillama-harvest
U1183,Design a governance contract based on Sharpe Earn and describe its core behavior at a high level.,governance,Sharpe Earn,defillama-harvest
U1184,Design a staking contract based on Hipo and describe its core behavior at a high level.,staking,Hipo,defillama-harvest
U1185,Create a privacy-preserving contract based on SplitSwap and describe its main flows at a high level.,privacy,SplitSwap,defillama-harvest
U1186,Define an on-chain game contract based on Worldle and describe its main flows at a high level.,gaming,Worldle,defillama-harvest
U1187,Define a cross-chain bridge contract based on Bitget bgBTC and describe its core behavior at a high level.,bridge,Bitget bgBTC,defillama-harvest
U1188,Design a payments contract based on Hedgey and describe its main flows at a high level.,payments,Hedgey,defillama-harvest
U1189,Define a token launchpad contract based on Nad.fun V2 and describe its primary function at a high level.,launchpad,Nad.fun V2,defillama-harvest
U1190,Specify a staking contract based on Volo LST and describe its core behavior at a high level.,staking,Volo LST,defillama-harvest
U1191,Specify a stablecoin contract based on ShiftDollar and describe its core behavior at a high level.,stablecoin,ShiftDollar,defillama-harvest
U1192,Create an NFT contract based on AirNFTs and describe its primary function at a high level.,nft,AirNFTs,defillama-harvest
U1193,Model a lending protocol based on EVAA Protocol and describe its core mechanism at a high level.,lending,EVAA Protocol,defillama-harvest
U1194,Create a governance contract based on Knightrade and describe its core behavior at a high level.,governance,Knightrade,defillama-harvest
U1195,Outline a prediction market contract based on Ridotto and describe its main flows at a high level.,prediction,Ridotto,defillama-harvest
U1196,Define a governance contract based on Makina and describe its core behavior at a high level.,governance,Makina,defillama-harvest
U1197,Create a token launchpad contract based on 1776.MEME and describe its core behavior at a high level.,launchpad,1776.MEME,defillama-harvest
U1198,Model an NFT contract based on Drip.Trade and describe its core behavior at a high level.,nft,Drip.Trade,defillama-harvest
U1199,Model a prediction market contract based on XO Market and describe its core mechanism at a high level.,prediction,XO Market,defillama-harvest
U1200,Model a governance contract based on veDelegate and describe its core behavior at a high level.,governance,veDelegate,defillama-harvest
U1201,Model a privacy-preserving contract based on Namada Shielded Pools and describe its main flows at a high level.,privacy,Namada Shielded Pools,defillama-harvest
U1202,Design a stablecoin contract based on Based V1 and describe its core behavior at a high level.,stablecoin,Based V1,defillama-harvest
U1203,Outline a cross-chain bridge contract based on Lisk Bridge and describe its main flows at a high level.,bridge,Lisk Bridge,defillama-harvest
U1204,Design a staking contract based on Jito Restaking and describe its main flows at a high level.,staking,Jito Restaking,defillama-harvest
U1205,Create a token contract based on Alongside and describe its main flows at a high level.,token,Alongside,defillama-harvest
U1206,Design a derivatives contract based on Perpl and describe its core mechanism at a high level.,derivatives,Perpl,defillama-harvest
U1207,Outline a token contract based on Clink and describe its core mechanism at a high level.,token,Clink,defillama-harvest
U1208,Create a real-world asset tokenization contract based on Spiko and describe its main flows at a high level.,rwa,Spiko,defillama-harvest
U1209,Create a lending protocol based on Suilend and describe its primary function at a high level.,lending,Suilend,defillama-harvest
U1210,Create an on-chain game contract based on Pump Party and describe its main flows at a high level.,gaming,Pump Party,defillama-harvest
U1211,Design a payments contract based on Parallel Polkadot DAOfi and describe its core behavior at a high level.,payments,Parallel Polkadot DAOfi,defillama-harvest
U1212,Model a smart account contract based on Humanity and describe its main flows at a high level.,wallet,Humanity,defillama-harvest
U1213,Model a yield strategy contract based on JupUSD and describe its main flows at a high level.,yield,JupUSD,defillama-harvest
U1214,Define a derivatives contract based on Derive V2 and describe its core mechanism at a high level.,derivatives,Derive V2,defillama-harvest
U1215,Define a token launchpad contract based on Printr and describe its primary function at a high level.,launchpad,Printr,defillama-harvest
U1216,Create a real-world asset tokenization contract based on Ondo Global Markets and describe its core behavior at a high level.,rwa,Ondo Global Markets,defillama-harvest
U1217,Specify a cross-chain bridge contract based on AO Bridge and describe its core mechanism at a high level.,bridge,AO Bridge,defillama-harvest
U1218,Define a decentralized exchange contract based on Tessera V and describe its main flows at a high level.,dex,Tessera V,defillama-harvest
U1219,Specify a derivatives contract based on Opyn Gamma and describe its primary function at a high level.,derivatives,Opyn Gamma,defillama-harvest
U1220,Outline an NFT contract based on Gemint and describe its primary function at a high level.,nft,Gemint,defillama-harvest
U1221,Model a prediction market contract based on JackCo and describe its core behavior at a high level.,prediction,JackCo,defillama-harvest
U1222,Specify a payments contract based on Avici and describe its main flows at a high level.,payments,Avici,defillama-harvest
U1223,Outline a cross-chain bridge contract based on Hyperliquid Bridge and describe its core behavior at a high level.,bridge,Hyperliquid Bridge,defillama-harvest
U1224,Create a derivatives contract based on Lavarage and describe its primary function at a high level.,derivatives,Lavarage,defillama-harvest
U1225,Outline a decentralized exchange contract based on Jupiter Lend DEX and describe its primary function at a high level.,dex,Jupiter Lend DEX,defillama-harvest
U1226,Create a privacy-preserving contract based on Typhoon Cash and describe its primary function at a high level.,privacy,Typhoon Cash,defillama-harvest
U1227,Outline a token launchpad contract based on RaiseHood and describe its core behavior at a high level.,launchpad,RaiseHood,defillama-harvest
U1228,Outline a real-world asset tokenization contract based on Frax USD and describe its core behavior at a high level.,rwa,Frax USD,defillama-harvest
U1229,Outline a real-world asset tokenization contract based on Boson Protocol and describe its core mechanism at a high level.,rwa,Boson Protocol,defillama-harvest
U1230,Outline a prediction market contract based on B-Lucky and describe its core behavior at a high level.,prediction,B-Lucky,defillama-harvest
U1231,Design a payments contract based on Sablier Lockup and describe its core behavior at a high level.,payments,Sablier Lockup,defillama-harvest
U1232,Define a yield strategy contract based on YO Protocol and describe its main flows at a high level.,yield,YO Protocol,defillama-harvest
U1233,Outline a token launchpad contract based on Bonker and describe its core behavior at a high level.,launchpad,Bonker,defillama-harvest
U1234,Define a token contract based on Asymmetry Finance and describe its main flows at a high level.,token,Asymmetry Finance,defillama-harvest
U1235,Define a lending protocol based on BTCFi CDP and describe its main flows at a high level.,lending,BTCFi CDP,defillama-harvest
U1236,Model a yield strategy contract based on Solstice and describe its core behavior at a high level.,yield,Solstice,defillama-harvest
U1237,Define a stablecoin contract based on Djed Stablecoin and describe its main flows at a high level.,stablecoin,Djed Stablecoin,defillama-harvest
U1238,Specify a real-world asset tokenization contract based on Republic Note and describe its primary function at a high level.,rwa,Republic Note,defillama-harvest
U1239,Specify a governance contract based on Kestrel and describe its primary function at a high level.,governance,Kestrel,defillama-harvest
U1240,Define an NFT contract based on Shiny and describe its main flows at a high level.,nft,Shiny,defillama-harvest
U1241,Define a token launchpad contract based on Mint Club V2 and describe its core behavior at a high level.,launchpad,Mint Club V2,defillama-harvest
U1242,Design a token launchpad contract based on MerryForge and describe its main flows at a high level.,launchpad,MerryForge,defillama-harvest
U1243,Model a stablecoin contract based on Sierra and describe its primary function at a high level.,stablecoin,Sierra,defillama-harvest
U1244,Design a governance contract based on Mitosis and describe its core mechanism at a high level.,governance,Mitosis,defillama-harvest
U1245,Outline a decentralized exchange contract based on Balancer V3 and describe its main flows at a high level.,dex,Balancer V3,defillama-harvest
U1246,Outline a token launchpad contract based on Organic Growth and describe its core mechanism at a high level.,launchpad,Organic Growth,defillama-harvest
U1247,Specify a prediction market contract based on FerdyFlip and describe its main flows at a high level.,prediction,FerdyFlip,defillama-harvest
U1248,Create a lending protocol based on Enosys Loans and describe its primary function at a high level.,lending,Enosys Loans,defillama-harvest
U1249,Outline a prediction market contract based on P2PFlip and describe its primary function at a high level.,prediction,P2PFlip,defillama-harvest
U1250,Define a lending protocol based on Pando Leaf and describe its core mechanism at a high level.,lending,Pando Leaf,defillama-harvest
U1251,Outline a token launchpad contract based on Token Mill and describe its main flows at a high level.,launchpad,Token Mill,defillama-harvest
U1252,Design a token contract based on xWin Finance and describe its core mechanism at a high level.,token,xWin Finance,defillama-harvest
U1253,Outline a prediction market contract based on Shinjo and describe its primary function at a high level.,prediction,Shinjo,defillama-harvest
U1254,Outline a token launchpad contract based on WAX.FUN and describe its primary function at a high level.,launchpad,WAX.FUN,defillama-harvest
U1255,Outline a payments contract based on Unlock Protocol and describe its core behavior at a high level.,payments,Unlock Protocol,defillama-harvest
U1256,Create a staking contract based on Lista Liquid Staking and describe its main flows at a high level.,staking,Lista Liquid Staking,defillama-harvest
U1257,Specify a staking contract based on Stakee and describe its primary function at a high level.,staking,Stakee,defillama-harvest
U1258,Specify a lending protocol based on Lista CDP and describe its main flows at a high level.,lending,Lista CDP,defillama-harvest
U1259,Design a governance contract based on Treehouse Protocol and describe its core behavior at a high level.,governance,Treehouse Protocol,defillama-harvest
U1260,Design an NFT contract based on Anome and describe its primary function at a high level.,nft,Anome,defillama-harvest
U1261,Design a lending protocol based on Gearbox and describe its main flows at a high level.,lending,Gearbox,defillama-harvest
U1262,Design a prediction market contract based on CatsLuck and describe its main flows at a high level.,prediction,CatsLuck,defillama-harvest
U1263,Model a stablecoin contract based on OpenDAO and describe its primary function at a high level.,stablecoin,OpenDAO,defillama-harvest
U1264,Define a decentralized exchange contract based on HawkFi and describe its primary function at a high level.,dex,HawkFi,defillama-harvest
U1265,Outline a token launchpad contract based on Sentry and describe its core behavior at a high level.,launchpad,Sentry,defillama-harvest
U1266,Specify a derivatives contract based on WaterX and describe its core mechanism at a high level.,derivatives,WaterX,defillama-harvest
U1267,Create a derivatives contract based on GMTrade and describe its primary function at a high level.,derivatives,GMTrade,defillama-harvest
U1268,Specify a decentralized exchange contract based on ShibaSwap V1 and describe its primary function at a high level.,dex,ShibaSwap V1,defillama-harvest
U1269,Design a prediction market contract based on Bubblegum and describe its core mechanism at a high level.,prediction,Bubblegum,defillama-harvest
U1270,Specify a payments contract based on Gnosis Pay and describe its main flows at a high level.,payments,Gnosis Pay,defillama-harvest
U1271,Create a privacy-preserving contract based on Spiral Fi Mixer and describe its core behavior at a high level.,privacy,Spiral Fi Mixer,defillama-harvest
U1272,Create an on-chain game contract based on BusinessBuildersNFTs and describe its main flows at a high level.,gaming,BusinessBuildersNFTs,defillama-harvest
U1273,Model a decentralized exchange contract based on Stellar DEX and describe its primary function at a high level.,dex,Stellar DEX,defillama-harvest
U1274,Design a governance contract based on Prime Vaults and describe its core mechanism at a high level.,governance,Prime Vaults,defillama-harvest
U1275,Model a yield strategy contract based on vfat.io and describe its primary function at a high level.,yield,vfat.io,defillama-harvest
U1276,Outline a prediction market contract based on BlackDoor and describe its primary function at a high level.,prediction,BlackDoor,defillama-harvest
U1277,Outline a lending protocol based on Anvil and describe its main flows at a high level.,lending,Anvil,defillama-harvest
U1278,Specify a cross-chain bridge contract based on Poly Network and describe its core mechanism at a high level.,bridge,Poly Network,defillama-harvest
U1279,Create a decentralized exchange contract based on nest CL and describe its main flows at a high level.,dex,nest CL,defillama-harvest
U1280,Specify a prediction market contract based on Hedgehog Markets and describe its core behavior at a high level.,prediction,Hedgehog Markets,defillama-harvest
U1281,Specify a token launchpad contract based on ArrowPad.fun and describe its main flows at a high level.,launchpad,ArrowPad.fun,defillama-harvest
U1282,Define a privacy-preserving contract based on Sherpa Cash and describe its core mechanism at a high level.,privacy,Sherpa Cash,defillama-harvest
U1283,Model a real-world asset tokenization contract based on OpenTrade and describe its primary function at a high level.,rwa,OpenTrade,defillama-harvest
U1284,Outline a yield strategy contract based on ZEROBASE CeDeFi and describe its core mechanism at a high level.,yield,ZEROBASE CeDeFi,defillama-harvest
U1285,Create a token contract based on Amigo and describe its main flows at a high level.,token,Amigo,defillama-harvest
U1286,Create a lending protocol based on Compound V3 and describe its core mechanism at a high level.,lending,Compound V3,defillama-harvest
U1287,Define a derivatives contract based on Usual ETH0 and describe its primary function at a high level.,derivatives,Usual ETH0,defillama-harvest
U1288,Design a derivatives contract based on Astros Perp and describe its core behavior at a high level.,derivatives,Astros Perp,defillama-harvest
U1289,Specify an NFT contract based on OCTOplace and describe its core behavior at a high level.,nft,OCTOplace,defillama-harvest
U1290,Model an on-chain game contract based on Neo Tokyo and describe its main flows at a high level.,gaming,Neo Tokyo,defillama-harvest
U1291,Specify a prediction market contract based on BetFolio and describe its main flows at a high level.,prediction,BetFolio,defillama-harvest
U1292,Model a stablecoin contract based on Pillar and describe its main flows at a high level.,stablecoin,Pillar,defillama-harvest
U1293,Specify a yield strategy contract based on Odyssey Finance and describe its core behavior at a high level.,yield,Odyssey Finance,defillama-harvest
U1294,Create a token contract based on YIEDL Vaults and describe its core mechanism at a high level.,token,YIEDL Vaults,defillama-harvest
U1295,Specify a governance contract based on Sherpa and describe its primary function at a high level.,governance,Sherpa,defillama-harvest
U1296,Specify a staking contract based on ShMonad and describe its main flows at a high level.,staking,ShMonad,defillama-harvest
U1297,Design a payments contract based on EtherFi Cash Liquid and describe its primary function at a high level.,payments,EtherFi Cash Liquid,defillama-harvest
U1298,Outline a staking contract based on Bonk Staked SOL and describe its core mechanism at a high level.,staking,Bonk Staked SOL,defillama-harvest
U1299,Design a prediction market contract based on NarBet and describe its primary function at a high level.,prediction,NarBet,defillama-harvest
U1300,Design a prediction market contract based on MegaMoon and describe its core mechanism at a high level.,prediction,MegaMoon,defillama-harvest
U1301,Design a cross-chain bridge contract based on Paradex Bridge and describe its core behavior at a high level.,bridge,Paradex Bridge,defillama-harvest
U1302,Create a cross-chain bridge contract based on Grvt Bridge and describe its core mechanism at a high level.,bridge,Grvt Bridge,defillama-harvest
U1303,Model a token contract based on SongTech and describe its main flows at a high level.,token,SongTech,defillama-harvest
U1304,Outline a staking contract based on SpringSui and describe its main flows at a high level.,staking,SpringSui,defillama-harvest
U1305,Outline a lending protocol based on Folks Finance Lending and describe its primary function at a high level.,lending,Folks Finance Lending,defillama-harvest
U1306,Create a price oracle contract based on RedStone Oracles and describe its core behavior at a high level.,oracle,RedStone Oracles,defillama-harvest
U1307,Design a decentralized exchange contract based on Hydration DEX and describe its primary function at a high level.,dex,Hydration DEX,defillama-harvest
U1308,Outline a real-world asset tokenization contract based on Estate Protocol and describe its core behavior at a high level.,rwa,Estate Protocol,defillama-harvest
U1309,Design an NFT contract based on NeftyBlocks and describe its core mechanism at a high level.,nft,NeftyBlocks,defillama-harvest
U1310,Specify a token launchpad contract based on Puppyfun and describe its core mechanism at a high level.,launchpad,Puppyfun,defillama-harvest
U1311,Model a derivatives contract based on Ethereal DEX and describe its main flows at a high level.,derivatives,Ethereal DEX,defillama-harvest
U1312,Create a token contract based on KeySea and describe its core behavior at a high level.,token,KeySea,defillama-harvest
U1313,Model a payments contract based on Roketo and describe its core behavior at a high level.,payments,Roketo,defillama-harvest
U1516,Define a cross-chain bridge contract based on Mode Bridge and describe its main flows at a high level.,bridge,Mode Bridge,defillama-harvest
U1314,Design a derivatives contract based on RISEx and describe its core mechanism at a high level.,derivatives,RISEx,defillama-harvest
U1315,Outline a token launchpad contract based on g8keep and describe its primary function at a high level.,launchpad,g8keep,defillama-harvest
U1316,Define an on-chain insurance contract based on Nayms and describe its primary function at a high level.,insurance,Nayms,defillama-harvest
U1317,Outline a stablecoin contract based on fx Protocol and describe its main flows at a high level.,stablecoin,fx Protocol,defillama-harvest
U1318,Design a yield strategy contract based on Tori Finance and describe its core mechanism at a high level.,yield,Tori Finance,defillama-harvest
U1319,Model a staking contract based on Mantle Restaking and describe its primary function at a high level.,staking,Mantle Restaking,defillama-harvest
U1320,Define a stablecoin contract based on Algomint and describe its core mechanism at a high level.,stablecoin,Algomint,defillama-harvest
U1321,Model a governance contract based on Kvants and describe its primary function at a high level.,governance,Kvants,defillama-harvest
U1322,Outline a derivatives contract based on Bluefin Pro and describe its core mechanism at a high level.,derivatives,Bluefin Pro,defillama-harvest
U1323,Create a prediction market contract based on stETH.win and describe its core mechanism at a high level.,prediction,stETH.win,defillama-harvest
U1324,Create an NFT contract based on Stargaze and describe its main flows at a high level.,nft,Stargaze,defillama-harvest
U1325,Model an NFT contract based on OpenSea V1 and describe its primary function at a high level.,nft,OpenSea V1,defillama-harvest
U1326,Specify a privacy-preserving contract based on Common and describe its main flows at a high level.,privacy,Common,defillama-harvest
U1327,Design an NFT contract based on BlastName and describe its main flows at a high level.,nft,BlastName,defillama-harvest
U1328,Design an NFT contract based on Salvor and describe its main flows at a high level.,nft,Salvor,defillama-harvest
U1329,Specify a token locking contract based on Coinscope and describe its core behavior at a high level.,security,Coinscope,defillama-harvest
U1330,Create an on-chain game contract based on CockFights Game and describe its main flows at a high level.,gaming,CockFights Game,defillama-harvest
U1331,Outline a decentralized exchange contract based on PancakeSwap Infinity and describe its core behavior at a high level.,dex,PancakeSwap Infinity,defillama-harvest
U1332,Outline an NFT contract based on BlueMove Staking and describe its primary function at a high level.,nft,BlueMove Staking,defillama-harvest
U1333,Design a token locking contract based on JustLock and describe its core mechanism at a high level.,security,JustLock,defillama-harvest
U1334,Define an NFT contract based on Namoshi Name Service and describe its core mechanism at a high level.,nft,Namoshi Name Service,defillama-harvest
U1335,Create a staking contract based on Mellow Restaking and describe its core mechanism at a high level.,staking,Mellow Restaking,defillama-harvest
U1336,Specify a real-world asset tokenization contract based on Tangible RWA and describe its core behavior at a high level.,rwa,Tangible RWA,defillama-harvest
U1337,Model a decentralized exchange contract based on Osmosis DEX and describe its core mechanism at a high level.,dex,Osmosis DEX,defillama-harvest
U1338,Outline a yield strategy contract based on Hemi Staking and describe its core behavior at a high level.,yield,Hemi Staking,defillama-harvest
U1339,Design a cross-chain bridge contract based on Across and describe its core mechanism at a high level.,bridge,Across,defillama-harvest
U1340,Specify a lending protocol based on Pareto Credit and describe its core behavior at a high level.,lending,Pareto Credit,defillama-harvest
U1341,Outline a prediction market contract based on SynStation and describe its primary function at a high level.,prediction,SynStation,defillama-harvest
U1342,Model an NFT contract based on ZNS Connect and describe its primary function at a high level.,nft,ZNS Connect,defillama-harvest
U1343,Create a lending protocol based on Blend Pools V2 and describe its core behavior at a high level.,lending,Blend Pools V2,defillama-harvest
U1344,Outline a yield strategy contract based on Manta CeDeFi and describe its core behavior at a high level.,yield,Manta CeDeFi,defillama-harvest
U1345,Create an NFT contract based on Paintswap on Sonic and describe its main flows at a high level.,nft,Paintswap on Sonic,defillama-harvest
U1346,Define a prediction market contract based on Perfect Pool and describe its main flows at a high level.,prediction,Perfect Pool,defillama-harvest
U1347,Specify a staking contract based on Hyperbeat LST and describe its main flows at a high level.,staking,Hyperbeat LST,defillama-harvest
U1348,Outline a price oracle contract based on Geodnet and describe its primary function at a high level.,oracle,Geodnet,defillama-harvest
U1349,Model a decentralized exchange contract based on Kodiak Islands and describe its primary function at a high level.,dex,Kodiak Islands,defillama-harvest
U1350,Model a derivatives contract based on Hypersurface and describe its core mechanism at a high level.,derivatives,Hypersurface,defillama-harvest
U1351,Model a decentralized exchange contract based on Cetus CLMM and describe its primary function at a high level.,dex,Cetus CLMM,defillama-harvest
U1352,Define a staking contract based on SolvBTC LSTs and describe its main flows at a high level.,staking,SolvBTC LSTs,defillama-harvest
U1353,Design a token contract based on TonsOfFriends and describe its main flows at a high level.,token,TonsOfFriends,defillama-harvest
U1354,Outline a stablecoin contract based on Crocodile Finance and describe its core behavior at a high level.,stablecoin,Crocodile Finance,defillama-harvest
U1355,Model a staking contract based on Bybit Staked SOL and describe its primary function at a high level.,staking,Bybit Staked SOL,defillama-harvest
U1356,Design an on-chain insurance contract based on ARCx and describe its primary function at a high level.,insurance,ARCx,defillama-harvest
U1357,Model a token contract based on WeDeFin and describe its primary function at a high level.,token,WeDeFin,defillama-harvest
U1358,Outline a governance contract based on Bracket Vaults and describe its main flows at a high level.,governance,Bracket Vaults,defillama-harvest
U1359,Model a token launchpad contract based on DumpFlow and describe its primary function at a high level.,launchpad,DumpFlow,defillama-harvest
U1360,Specify a governance contract based on Spectra MetaVaults and describe its core mechanism at a high level.,governance,Spectra MetaVaults,defillama-harvest
U1361,Define a token launchpad contract based on keep.coffee and describe its primary function at a high level.,launchpad,keep.coffee,defillama-harvest
U1362,Specify a prediction market contract based on eesee and describe its main flows at a high level.,prediction,eesee,defillama-harvest
U1364,Outline an on-chain game contract based on Crabada and describe its primary function at a high level.,gaming,Crabada,defillama-harvest
U1365,Design a token contract based on AlfaFrens and describe its main flows at a high level.,token,AlfaFrens,defillama-harvest
U1366,Specify a staking contract based on NEOPIN Staking and describe its core mechanism at a high level.,staking,NEOPIN Staking,defillama-harvest
U1367,Define an NFT contract based on Flooring Protocol and describe its core mechanism at a high level.,nft,Flooring Protocol,defillama-harvest
U1368,Design a staking contract based on LiNEAR Protocol and describe its main flows at a high level.,staking,LiNEAR Protocol,defillama-harvest
U1369,Specify a stablecoin contract based on Frax and describe its primary function at a high level.,stablecoin,Frax,defillama-harvest
U1370,Define a real-world asset tokenization contract based on Kea Credit and describe its core mechanism at a high level.,rwa,Kea Credit,defillama-harvest
U1371,Specify a decentralized exchange contract based on Joe DEX and describe its primary function at a high level.,dex,Joe DEX,defillama-harvest
U1372,Model a token launchpad contract based on HEDGEhog Protocol and describe its core behavior at a high level.,launchpad,HEDGEhog Protocol,defillama-harvest
U1373,Model a smart account contract based on Trust Wallet Wallet and describe its primary function at a high level.,wallet,Trust Wallet Wallet,defillama-harvest
U1374,Create a governance contract based on Exponent Strategy Vaults and describe its core behavior at a high level.,governance,Exponent Strategy Vaults,defillama-harvest
U1375,Define a derivatives contract based on Navigator and describe its core mechanism at a high level.,derivatives,Navigator,defillama-harvest
U1376,Specify a token launchpad contract based on SunPump and describe its core behavior at a high level.,launchpad,SunPump,defillama-harvest
U1377,Outline a derivatives contract based on TurboFlow Perps and describe its core mechanism at a high level.,derivatives,TurboFlow Perps,defillama-harvest
U1378,Define an NFT contract based on Monster and describe its core mechanism at a high level.,nft,Monster,defillama-harvest
U1379,Design a staking contract based on marginfi LST and describe its core behavior at a high level.,staking,marginfi LST,defillama-harvest
U1380,Define a stablecoin contract based on Particles Money and describe its core behavior at a high level.,stablecoin,Particles Money,defillama-harvest
U1381,Specify a lending protocol based on Blur Lending and describe its primary function at a high level.,lending,Blur Lending,defillama-harvest
U1382,Create a token contract based on Words.art and describe its core behavior at a high level.,token,Words.art,defillama-harvest
U1383,Specify a yield strategy contract based on Wise Token and describe its primary function at a high level.,yield,Wise Token,defillama-harvest
U1384,Create a staking contract based on Hylo LSTs and describe its main flows at a high level.,staking,Hylo LSTs,defillama-harvest
U1385,Outline a prediction market contract based on Tardly and describe its main flows at a high level.,prediction,Tardly,defillama-harvest
U1386,Create a lending protocol based on Kinetic and describe its core mechanism at a high level.,lending,Kinetic,defillama-harvest
U1387,Model a real-world asset tokenization contract based on LandX Finance and describe its primary function at a high level.,rwa,LandX Finance,defillama-harvest
U1388,Create a token launchpad contract based on DexLaunch and describe its core mechanism at a high level.,launchpad,DexLaunch,defillama-harvest
U1389,Outline a derivatives contract based on Alchemix V3 and describe its core behavior at a high level.,derivatives,Alchemix V3,defillama-harvest
U1390,Specify a real-world asset tokenization contract based on Clearpool TPOOL and describe its core mechanism at a high level.,rwa,Clearpool TPOOL,defillama-harvest
U1391,Create a token launchpad contract based on Wagmi Memepad and describe its core mechanism at a high level.,launchpad,Wagmi Memepad,defillama-harvest
U1392,Define a real-world asset tokenization contract based on Mantle Index Four Fund and describe its main flows at a high level.,rwa,Mantle Index Four Fund,defillama-harvest
U1393,Outline a decentralized exchange contract based on Bancor V3 and describe its core mechanism at a high level.,dex,Bancor V3,defillama-harvest
U1394,Model a yield strategy contract based on Spectra V2 and describe its primary function at a high level.,yield,Spectra V2,defillama-harvest
U1395,Model a payments contract based on MetaMask Card and describe its main flows at a high level.,payments,MetaMask Card,defillama-harvest
U1396,Define an NFT contract based on YourGrails and describe its primary function at a high level.,nft,YourGrails,defillama-harvest
U1397,Define a governance contract based on Felix Vaults and describe its main flows at a high level.,governance,Felix Vaults,defillama-harvest
U1398,Create a token launchpad contract based on Anoncoin and describe its main flows at a high level.,launchpad,Anoncoin,defillama-harvest
U1399,Specify a stablecoin contract based on Asgard Dao and describe its core behavior at a high level.,stablecoin,Asgard Dao,defillama-harvest
U1400,Outline a derivatives contract based on Pods Finance and describe its core behavior at a high level.,derivatives,Pods Finance,defillama-harvest
U1401,Create a decentralized exchange contract based on Dano Finance and describe its main flows at a high level.,dex,Dano Finance,defillama-harvest
U1402,Design a real-world asset tokenization contract based on Gold DAO and describe its core behavior at a high level.,rwa,Gold DAO,defillama-harvest
U1403,Create a payments contract based on Aelin and describe its main flows at a high level.,payments,Aelin,defillama-harvest
U1404,Design a yield strategy contract based on CIAN Yield Layer and describe its core behavior at a high level.,yield,CIAN Yield Layer,defillama-harvest
U1405,Design a prediction market contract based on Random Reward and describe its core mechanism at a high level.,prediction,Random Reward,defillama-harvest
U1406,Outline a prediction market contract based on Lucky38 and describe its primary function at a high level.,prediction,Lucky38,defillama-harvest
U1407,Outline a price oracle contract based on Pyth Core and describe its main flows at a high level.,oracle,Pyth Core,defillama-harvest
U1408,Create a prediction market contract based on Precog Markets and describe its main flows at a high level.,prediction,Precog Markets,defillama-harvest
U1409,Design an on-chain game contract based on Musical Chairs and describe its main flows at a high level.,gaming,Musical Chairs,defillama-harvest
U1410,Specify a real-world asset tokenization contract based on Solv RWA and describe its core behavior at a high level.,rwa,Solv RWA,defillama-harvest
U1411,Design a payments contract based on Compx Streaming and describe its main flows at a high level.,payments,Compx Streaming,defillama-harvest
U1412,Define a stablecoin contract based on Tulip and describe its main flows at a high level.,stablecoin,Tulip,defillama-harvest
U1413,Define a cross-chain bridge contract based on NEAR Intents and describe its main flows at a high level.,bridge,NEAR Intents,defillama-harvest
U1414,Model a stablecoin contract based on Oin Finance and describe its main flows at a high level.,stablecoin,Oin Finance,defillama-harvest
U1415,Define a derivatives contract based on Avantis and describe its core mechanism at a high level.,derivatives,Avantis,defillama-harvest
U1416,Outline a governance contract based on Rocket Vault and describe its primary function at a high level.,governance,Rocket Vault,defillama-harvest
U1417,Design a payments contract based on Flexa and describe its main flows at a high level.,payments,Flexa,defillama-harvest
U1418,Outline a cross-chain bridge contract based on xDAI Stake Bridge and describe its core mechanism at a high level.,bridge,xDAI Stake Bridge,defillama-harvest
U1419,Design a derivatives contract based on Contango V2 and describe its primary function at a high level.,derivatives,Contango V2,defillama-harvest
U1420,Create a governance contract based on Hidden Hand and describe its core mechanism at a high level.,governance,Hidden Hand,defillama-harvest
U1421,Model a decentralized exchange contract based on Agni Finance and describe its main flows at a high level.,dex,Agni Finance,defillama-harvest
U1422,Model a payments contract based on Superfluid and describe its core behavior at a high level.,payments,Superfluid,defillama-harvest
U1423,Outline a cross-chain bridge contract based on Wrapped and describe its core behavior at a high level.,bridge,Wrapped,defillama-harvest
U1424,Outline a token contract based on Polly Finance and describe its primary function at a high level.,token,Polly Finance,defillama-harvest
U1425,Design an NFT contract based on Courtyard and describe its core behavior at a high level.,nft,Courtyard,defillama-harvest
U1426,Create an NFT contract based on Zonic and describe its core behavior at a high level.,nft,Zonic,defillama-harvest
U1427,Model a cross-chain bridge contract based on Multichain and describe its core behavior at a high level.,bridge,Multichain,defillama-harvest
U1428,Design a lending protocol based on Save and describe its primary function at a high level.,lending,Save,defillama-harvest
U1429,Design a payments contract based on MoveFlow and describe its core mechanism at a high level.,payments,MoveFlow,defillama-harvest
U1430,Create a token launchpad contract based on Aerodrome Ignition and describe its core behavior at a high level.,launchpad,Aerodrome Ignition,defillama-harvest
U1431,Define a token launchpad contract based on HoodMint and describe its primary function at a high level.,launchpad,HoodMint,defillama-harvest
U1432,Specify a price oracle contract based on Umbrella Network and describe its core behavior at a high level.,oracle,Umbrella Network,defillama-harvest
U1433,Design a decentralized exchange contract based on THORChain DEX and describe its main flows at a high level.,dex,THORChain DEX,defillama-harvest
U1434,Create an on-chain insurance contract based on InsurAce and describe its core behavior at a high level.,insurance,InsurAce,defillama-harvest
U1435,Define a cross-chain bridge contract based on Gravity by Galxe and describe its primary function at a high level.,bridge,Gravity by Galxe,defillama-harvest
U1436,Model a lending protocol based on 3Jane Lending and describe its core behavior at a high level.,lending,3Jane Lending,defillama-harvest
U1437,Design a cross-chain bridge contract based on cBridge and describe its main flows at a high level.,bridge,cBridge,defillama-harvest
U1438,Define a token contract based on Babylon Finance and describe its main flows at a high level.,token,Babylon Finance,defillama-harvest
U1439,Create a lending protocol based on Defi Saver Asset Management and describe its main flows at a high level.,lending,Defi Saver Asset Management,defillama-harvest
U1440,Outline a governance contract based on Sova and describe its main flows at a high level.,governance,Sova,defillama-harvest
U1441,Specify a prediction market contract based on Zethr and describe its main flows at a high level.,prediction,Zethr,defillama-harvest
U1442,Outline a prediction market contract based on LunaFi and describe its main flows at a high level.,prediction,LunaFi,defillama-harvest
U1443,Specify a privacy-preserving contract based on Arcium and describe its core mechanism at a high level.,privacy,Arcium,defillama-harvest
U1444,Model a decentralized exchange contract based on XRPL DEX and describe its primary function at a high level.,dex,XRPL DEX,defillama-harvest
U1445,Model a decentralized exchange contract based on Quickswap V3 and describe its core mechanism at a high level.,dex,Quickswap V3,defillama-harvest
U1446,Specify a cross-chain bridge contract based on Hyperlane and describe its core mechanism at a high level.,bridge,Hyperlane,defillama-harvest
U1447,Outline a yield strategy contract based on YieldFi and describe its core behavior at a high level.,yield,YieldFi,defillama-harvest
U1448,Design a staking contract based on Sanctum Validator LSTs and describe its primary function at a high level.,staking,Sanctum Validator LSTs,defillama-harvest
U1449,Design an on-chain game contract based on Alien Worlds and describe its main flows at a high level.,gaming,Alien Worlds,defillama-harvest
U1450,Define a lending protocol based on Liquity V1 and describe its primary function at a high level.,lending,Liquity V1,defillama-harvest
U1451,Specify an on-chain game contract based on Thrive On Mars and describe its primary function at a high level.,gaming,Thrive On Mars,defillama-harvest
U1452,Create a stablecoin contract based on Creditum and describe its core mechanism at a high level.,stablecoin,Creditum,defillama-harvest
U1453,Model a yield strategy contract based on Meteora vaults and describe its primary function at a high level.,yield,Meteora vaults,defillama-harvest
U1454,Create a derivatives contract based on Decibel and describe its main flows at a high level.,derivatives,Decibel,defillama-harvest
U1455,Design a governance contract based on Shift Protocol and describe its core behavior at a high level.,governance,Shift Protocol,defillama-harvest
U1456,Outline a staking contract based on JPool and describe its main flows at a high level.,staking,JPool,defillama-harvest
U1457,Create a payments contract based on Streamflow and describe its main flows at a high level.,payments,Streamflow,defillama-harvest
U1458,Design a derivatives contract based on Wasabi Perps and describe its core mechanism at a high level.,derivatives,Wasabi Perps,defillama-harvest
U1459,Model a governance contract based on ether.fi Liquid and describe its main flows at a high level.,governance,ether.fi Liquid,defillama-harvest
U1460,Outline a governance contract based on stash.fun and describe its primary function at a high level.,governance,stash.fun,defillama-harvest
U1461,Outline a token contract based on Stars League and describe its core mechanism at a high level.,token,Stars League,defillama-harvest
U1462,Specify a cross-chain bridge contract based on pNetwork and describe its main flows at a high level.,bridge,pNetwork,defillama-harvest
U1463,Model a decentralized exchange contract based on Orca DEX and describe its main flows at a high level.,dex,Orca DEX,defillama-harvest
U1464,Outline a derivatives contract based on Boros and describe its primary function at a high level.,derivatives,Boros,defillama-harvest
U1465,Outline a real-world asset tokenization contract based on Hastra and describe its core behavior at a high level.,rwa,Hastra,defillama-harvest
U1466,Outline a token contract based on Earlyfans and describe its primary function at a high level.,token,Earlyfans,defillama-harvest
U1467,Define an on-chain insurance contract based on Cork V1 and describe its core behavior at a high level.,insurance,Cork V1,defillama-harvest
U1468,Create a real-world asset tokenization contract based on International Stable Currency and describe its core mechanism at a high level.,rwa,International Stable Currency,defillama-harvest
U1469,Define an NFT contract based on Baked Bazaar and describe its core mechanism at a high level.,nft,Baked Bazaar,defillama-harvest
U1470,Create a payments contract based on Tuyo Card and describe its main flows at a high level.,payments,Tuyo Card,defillama-harvest
U1471,Model a derivatives contract based on LeverUp and describe its primary function at a high level.,derivatives,LeverUp,defillama-harvest
U1472,Specify an NFT contract based on nftperp and describe its core behavior at a high level.,nft,nftperp,defillama-harvest
U1473,Outline a price oracle contract based on WitSwap and describe its core mechanism at a high level.,oracle,WitSwap,defillama-harvest
U1474,Model a privacy-preserving contract based on FOOM Cash and describe its core behavior at a high level.,privacy,FOOM Cash,defillama-harvest
U1475,Model a token contract based on Enzyme Finance and describe its main flows at a high level.,token,Enzyme Finance,defillama-harvest
U1476,Define a staking contract based on ExinPool and describe its main flows at a high level.,staking,ExinPool,defillama-harvest
U1477,Create a privacy-preserving contract based on Garble.Money and describe its core mechanism at a high level.,privacy,Garble.Money,defillama-harvest
U1478,Design a token contract based on Nami Index and describe its main flows at a high level.,token,Nami Index,defillama-harvest
U1479,Specify a stablecoin contract based on Hylo Protocol and describe its primary function at a high level.,stablecoin,Hylo Protocol,defillama-harvest
U1480,Outline a decentralized exchange contract based on Kumbaya and describe its main flows at a high level.,dex,Kumbaya,defillama-harvest
U1481,Create a token contract based on Anon Social and describe its main flows at a high level.,token,Anon Social,defillama-harvest
U1482,Define a token contract based on Phuture and describe its core behavior at a high level.,token,Phuture,defillama-harvest
U1483,Design a token locking contract based on FlokiFi Locker and describe its core behavior at a high level.,security,FlokiFi Locker,defillama-harvest
U1484,Design a cross-chain bridge contract based on Orderly Bridge and describe its primary function at a high level.,bridge,Orderly Bridge,defillama-harvest
U1485,Specify a token contract based on Cryptex V1 and describe its core behavior at a high level.,token,Cryptex V1,defillama-harvest
U1486,Model an on-chain insurance contract based on Neptune Mutual and describe its main flows at a high level.,insurance,Neptune Mutual,defillama-harvest
U1487,Model a staking contract based on Frax Ether and describe its core behavior at a high level.,staking,Frax Ether,defillama-harvest
U1488,Define a staking contract based on Helius Staked SOL and describe its core mechanism at a high level.,staking,Helius Staked SOL,defillama-harvest
U1489,Define a governance contract based on Superloop and describe its core behavior at a high level.,governance,Superloop,defillama-harvest
U1490,Specify an on-chain game contract based on Oasys and describe its main flows at a high level.,gaming,Oasys,defillama-harvest
U1491,Define a lending protocol based on Alpaca Finance 2.0 and describe its core behavior at a high level.,lending,Alpaca Finance 2.0,defillama-harvest
U1492,Outline a lending protocol based on Curvance and describe its main flows at a high level.,lending,Curvance,defillama-harvest
U1493,Design a derivatives contract based on GammaSwap Open Interest and describe its primary function at a high level.,derivatives,GammaSwap Open Interest,defillama-harvest
U1494,Model a yield strategy contract based on Sierra Protocol and describe its primary function at a high level.,yield,Sierra Protocol,defillama-harvest
U1495,Specify a yield strategy contract based on Mole and describe its primary function at a high level.,yield,Mole,defillama-harvest
U1496,Model an on-chain game contract based on Lympo and describe its primary function at a high level.,gaming,Lympo,defillama-harvest
U1497,Design a lending protocol based on Fira and describe its core behavior at a high level.,lending,Fira,defillama-harvest
U1498,Specify an on-chain game contract based on Heroes of Mavia and describe its core behavior at a high level.,gaming,Heroes of Mavia,defillama-harvest
U1499,Outline a stablecoin contract based on Ethereum Classic Stable Dollar and describe its core mechanism at a high level.,stablecoin,Ethereum Classic Stable Dollar,defillama-harvest
U1500,Design an on-chain insurance contract based on Cozy Earn and describe its primary function at a high level.,insurance,Cozy Earn,defillama-harvest
